n_prediction,n_control,seed,hour,tau_Pa,phi_sen,rho_bar,varphi_bar_deg
3,1,42,0,,0.2011173184,1.920111732,45
3,1,42,1,0,0.2070057453,1.920700575,45
3,1,42,2,0,0.2127364463,1.921273645,45
3,1,42,3,0,0.2183152447,1.921831524,45
3,1,42,4,0,0.2237476823,1.922374768,45
3,1,42,5,0,0.2290390363,1.922903904,45
3,1,42,6,0,0.2341943346,1.923419433,45
3,1,43,0,,0.2011173184,1.920111732,45
3,1,43,1,0,0.2070057453,1.920700575,45
3,1,43,2,0,0.2127364463,1.921273645,45
3,1,43,3,0,0.2183152447,1.921831524,45
3,1,43,4,0,0.2237476823,1.922374768,45
3,1,43,5,0,0.2290390363,1.922903904,45
3,1,43,6,0,0.2341943346,1.923419433,45
3,1,44,0,,0.2011173184,1.920111732,45
3,1,44,1,0,0.2070057453,1.920700575,45
3,1,44,2,0,0.2127364463,1.921273645,45
3,1,44,3,0,0.2183152447,1.921831524,45
3,1,44,4,0,0.2237476823,1.922374768,45
3,1,44,5,0,0.2290390363,1.922903904,45
3,1,44,6,0,0.2341943346,1.923419433,45
3,1,45,0,,0.2011173184,1.920111732,45
3,1,45,1,0,0.2070057453,1.920700575,45
3,1,45,2,0,0.2127364463,1.921273645,45
3,1,45,3,0,0.2183152447,1.921831524,45
3,1,45,4,0,0.2237476823,1.922374768,45
3,1,45,5,0,0.2290390363,1.922903904,45
3,1,45,6,0,0.2341943346,1.923419433,45
3,1,46,0,,0.2011173184,1.920111732,45
3,1,46,1,0,0.2070057453,1.920700575,45
3,1,46,2,0,0.2127364463,1.921273645,45
3,1,46,3,0,0.2183152447,1.921831524,45
3,1,46,4,0,0.2237476823,1.922374768,45
3,1,46,5,0,0.2290390363,1.922903904,45
3,1,46,6,0,0.2341943346,1.923419433,45
3,1,47,0,,0.2011173184,1.920111732,45
3,1,47,1,0,0.2070057453,1.920700575,45
3,1,47,2,0,0.2127364463,1.921273645,45
3,1,47,3,0,0.2183152447,1.921831524,45
3,1,47,4,0,0.2237476823,1.922374768,45
3,1,47,5,0,0.2290390363,1.922903904,45
3,1,47,6,0,0.2341943346,1.923419433,45
3,1,48,0,,0.2011173184,1.920111732,45
3,1,48,1,0,0.2070057453,1.920700575,45
3,1,48,2,0,0.2127364463,1.921273645,45
3,1,48,3,0,0.2183152447,1.921831524,45
3,1,48,4,0,0.2237476823,1.922374768,45
3,1,48,5,0,0.2290390363,1.922903904,45
3,1,48,6,0,0.2341943346,1.923419433,45
3,1,49,0,,0.2011173184,1.920111732,45
3,1,49,1,0,0.2070057453,1.920700575,45
3,1,49,2,0,0.2127364463,1.921273645,45
3,1,49,3,0,0.2183152447,1.921831524,45
3,1,49,4,0,0.2237476823,1.922374768,45
3,1,49,5,0,0.2290390363,1.922903904,45
3,1,49,6,0,0.2341943346,1.923419433,45
3,1,50,0,,0.2011173184,1.920111732,45
3,1,50,1,0,0.2070057453,1.920700575,45
3,1,50,2,0,0.2127364463,1.921273645,45
3,1,50,3,0,0.2183152447,1.921831524,45
3,1,50,4,0,0.2237476823,1.922374768,45
3,1,50,5,0,0.2290390363,1.922903904,45
3,1,50,6,0,0.2341943346,1.923419433,45
3,1,51,0,,0.2011173184,1.920111732,45
3,1,51,1,0,0.2070057453,1.920700575,45
3,1,51,2,0,0.2127364463,1.921273645,45
3,1,51,3,0,0.2183152447,1.921831524,45
3,1,51,4,0,0.2237476823,1.922374768,45
3,1,51,5,0,0.2290390363,1.922903904,45
3,1,51,6,0,0.2341943346,1.923419433,45
3,1,52,0,,0.2011173184,1.920111732,45
3,1,52,1,0,0.2070057453,1.920700575,45
3,1,52,2,0,0.2127364463,1.921273645,45
3,1,52,3,0,0.2183152447,1.921831524,45
3,1,52,4,0,0.2237476823,1.922374768,45
3,1,52,5,0,0.2290390363,1.922903904,45
3,1,52,6,0,0.2341943346,1.923419433,45
3,1,53,0,,0.2011173184,1.920111732,45
3,1,53,1,0,0.2070057453,1.920700575,45
3,1,53,2,0,0.2127364463,1.921273645,45
3,1,53,3,0,0.2183152447,1.921831524,45
3,1,53,4,0,0.2237476823,1.922374768,45
3,1,53,5,0,0.2290390363,1.922903904,45
3,1,53,6,0,0.2341943346,1.923419433,45
3,1,54,0,,0.2011173184,1.920111732,45
3,1,54,1,0,0.2070057453,1.920700575,45
3,1,54,2,0,0.2127364463,1.921273645,45
3,1,54,3,0,0.2183152447,1.921831524,45
3,1,54,4,0,0.2237476823,1.922374768,45
3,1,54,5,0,0.2290390363,1.922903904,45
3,1,54,6,0,0.2341943346,1.923419433,45
3,1,55,0,,0.2011173184,1.920111732,45
3,1,55,1,0,0.2070057453,1.920700575,45
3,1,55,2,0,0.2127364463,1.921273645,45
3,1,55,3,0,0.2183152447,1.921831524,45
3,1,55,4,0,0.2237476823,1.922374768,45
3,1,55,5,0,0.2290390363,1.922903904,45
3,1,55,6,0,0.2341943346,1.923419433,45
3,1,56,0,,0.2011173184,1.920111732,45
3,1,56,1,0,0.2070057453,1.920700575,45
3,1,56,2,0,0.2127364463,1.921273645,45
3,1,56,3,0,0.2183152447,1.921831524,45
3,1,56,4,0,0.2237476823,1.922374768,45
3,1,56,5,0,0.2290390363,1.922903904,45
3,1,56,6,0,0.2341943346,1.923419433,45
3,1,57,0,,0.2011173184,1.920111732,45
3,1,57,1,0,0.2070057453,1.920700575,45
3,1,57,2,0,0.2127364463,1.921273645,45
3,1,57,3,0,0.2183152447,1.921831524,45
3,1,57,4,0,0.2237476823,1.922374768,45
3,1,57,5,0,0.2290390363,1.922903904,45
3,1,57,6,0,0.2341943346,1.923419433,45
3,1,58,0,,0.2011173184,1.920111732,45
3,1,58,1,0,0.2070057453,1.920700575,45
3,1,58,2,0,0.2127364463,1.921273645,45
3,1,58,3,0,0.2183152447,1.921831524,45
3,1,58,4,0,0.2237476823,1.922374768,45
3,1,58,5,0,0.2290390363,1.922903904,45
3,1,58,6,0,0.2341943346,1.923419433,45
3,1,59,0,,0.2011173184,1.920111732,45
3,1,59,1,0,0.2070057453,1.920700575,45
3,1,59,2,0,0.2127364463,1.921273645,45
3,1,59,3,0,0.2183152447,1.921831524,45
3,1,59,4,0,0.2237476823,1.922374768,45
3,1,59,5,0,0.2290390363,1.922903904,45
3,1,59,6,0,0.2341943346,1.923419433,45
3,1,60,0,,0.2011173184,1.920111732,45
3,1,60,1,0,0.2070057453,1.920700575,45
3,1,60,2,0,0.2127364463,1.921273645,45
3,1,60,3,0,0.2183152447,1.921831524,45
3,1,60,4,0,0.2237476823,1.922374768,45
3,1,60,5,0,0.2290390363,1.922903904,45
3,1,60,6,0,0.2341943346,1.923419433,45
3,1,61,0,,0.2011173184,1.920111732,45
3,1,61,1,0,0.2070057453,1.920700575,45
3,1,61,2,0,0.2127364463,1.921273645,45
3,1,61,3,0,0.2183152447,1.921831524,45
3,1,61,4,0,0.2237476823,1.922374768,45
3,1,61,5,0,0.2290390363,1.922903904,45
3,1,61,6,0,0.2341943346,1.923419433,45
3,2,42,0,,0.2011173184,1.920111732,45
3,2,42,1,0.5,0.2071156611,1.920711566,45
3,2,42,2,1,0.2187517809,1.946844308,42.19097289
3,2,42,3,1.5,0.2365604882,1.978347991,38.84715653
3,2,42,4,1.964299972,0.2582099513,2.00774491,35.78355962
3,2,42,5,1.578525443,0.2752727194,2.029854111,33.4882306
3,2,42,6,1.108297233,0.2861071837,2.042069172,32.23592397
3,2,43,0,,0.2011173184,1.920111732,45
3,2,43,1,0.5,0.2071156611,1.920711566,45
3,2,43,2,1,0.2187517809,1.946844308,42.19097289
3,2,43,3,1.5,0.2365604882,1.978347991,38.84715653
3,2,43,4,1.964299997,0.2582099515,2.00774491,35.78355961
3,2,43,5,1.578525405,0.2752727192,2.029854111,33.48823062
3,2,43,6,1.108297378,0.2861071853,2.042069175,32.23592367
3,2,44,0,,0.2011173184,1.920111732,45
3,2,44,1,0.5,0.2071156611,1.920711566,45
3,2,44,2,1,0.2187517809,1.946844308,42.19097289
3,2,44,3,1.5,0.2365604882,1.978347991,38.84715653
3,2,44,4,1.964300028,0.2582099517,2.00774491,35.7835596
3,2,44,5,1.578525454,0.2752727199,2.029854111,33.48823058
3,2,44,6,1.108297725,0.2861071905,2.042069182,32.23592288
3,2,45,0,,0.2011173184,1.920111732,45
3,2,45,1,0.5,0.2071156611,1.920711566,45
3,2,45,2,1,0.2187517809,1.946844308,42.19097289
3,2,45,3,1.5,0.2365604882,1.978347991,38.84715653
3,2,45,4,1.964299897,0.2582099506,2.007744909,35.78355964
3,2,45,5,1.578525272,0.275272717,2.029854109,33.48823075
3,2,45,6,1.108297368,0.286107183,2.042069173,32.2359238
3,2,46,0,,0.2011173184,1.920111732,45
3,2,46,1,0.5,0.2071156611,1.920711566,45
3,2,46,2,1,0.2187517809,1.946844308,42.19097289
3,2,46,3,1.5,0.2365604882,1.978347991,38.84715653
3,2,46,4,1.964300028,0.2582099517,2.00774491,35.7835596
3,2,46,5,1.578525426,0.2752727196,2.029854111,33.4882306
3,2,46,6,1.108297829,0.2861071916,2.042069184,32.23592267
3,2,47,0,,0.2011173184,1.920111732,45
3,2,47,1,0.5,0.2071156611,1.920711566,45
3,2,47,2,1,0.2187517809,1.946844308,42.19097289
3,2,47,3,1.5,0.2365604882,1.978347991,38.84715653
3,2,47,4,1.964299946,0.258209951,2.00774491,35.78355963
3,2,47,5,1.578525252,0.2752727171,2.029854109,33.48823076
3,2,47,6,1.108297336,0.2861071828,2.042069173,32.23592387
3,2,48,0,,0.2011173184,1.920111732,45
3,2,48,1,0.5,0.2071156611,1.920711566,45
3,2,48,2,1,0.2187517809,1.946844308,42.19097289
3,2,48,3,1.5,0.2365604882,1.978347991,38.84715653
3,2,48,4,1.96429981,0.2582099499,2.007744909,35.78355967
3,2,48,5,1.578525495,0.2752727186,2.029854111,33.4882306
3,2,48,6,1.108297817,0.2861071904,2.042069184,32.2359227
3,2,49,0,,0.2011173184,1.920111732,45
3,2,49,1,0.5,0.2071156611,1.920711566,45
3,2,49,2,1,0.2187517809,1.946844308,42.19097289
3,2,49,3,1.5,0.2365604882,1.978347991,38.84715653
3,2,49,4,1.964299831,0.2582099501,2.007744909,35.78355967
3,2,49,5,1.57852522,0.2752727159,2.029854109,33.48823081
3,2,49,6,1.108297472,0.2861071833,2.042069175,32.23592362
3,2,50,0,,0.2011173184,1.920111732,45
3,2,50,1,0.5,0.2071156611,1.920711566,45
3,2,50,2,1,0.2187517809,1.946844308,42.19097289
3,2,50,3,1.5,0.2365604882,1.978347991,38.84715653
3,2,50,4,1.964299928,0.2582099509,2.007744909,35.78355963
3,2,50,5,1.578525318,0.2752727177,2.02985411,33.48823071
3,2,50,6,1.108297403,0.2861071842,2.042069175,32.23592369
3,2,51,0,,0.2011173184,1.920111732,45
3,2,51,1,0.5,0.2071156611,1.920711566,45
3,2,51,2,1,0.2187517809,1.946844308,42.19097289
3,2,51,3,1.5,0.2365604882,1.978347991,38.84715653
3,2,51,4,1.964300076,0.2582099521,2.00774491,35.78355958
3,2,51,5,1.578525367,0.2752727194,2.029854111,33.48823063
3,2,51,6,1.108297322,0.2861071848,2.042069174,32.23592381
3,2,52,0,,0.2011173184,1.920111732,45
3,2,52,1,0.5,0.2071156611,1.920711566,45
3,2,52,2,1,0.2187517809,1.946844308,42.19097289
3,2,52,3,1.5,0.2365604882,1.978347991,38.84715653
3,2,52,4,1.964300056,0.258209952,2.00774491,35.78355959
3,2,52,5,1.578525268,0.2752727182,2.02985411,33.48823072
3,2,52,6,1.108297352,0.286107184,2.042069173,32.23592381
3,2,53,0,,0.2011173184,1.920111732,45
3,2,53,1,0.5,0.2071156611,1.920711566,45
3,2,53,2,1,0.2187517809,1.946844308,42.19097289
3,2,53,3,1.5,0.2365604882,1.978347991,38.84715653
3,2,53,4,1.9642998,0.2582099498,2.007744909,35.78355968
3,2,53,5,1.57852523,0.2752727157,2.029854109,33.48823081
3,2,53,6,1.108297366,0.2861071818,2.042069173,32.23592385
3,2,54,0,,0.2011173184,1.920111732,45
3,2,54,1,0.5,0.2071156611,1.920711566,45
3,2,54,2,1,0.2187517809,1.946844308,42.19097289
3,2,54,3,1.5,0.2365604882,1.978347991,38.84715653
3,2,54,4,1.964299872,0.2582099504,2.007744909,35.78355965
3,2,54,5,1.578525218,0.2752727162,2.029854109,33.4882308
3,2,54,6,1.108297844,0.2861071884,2.042069183,32.2359228
3,2,55,0,,0.2011173184,1.920111732,45
3,2,55,1,0.5,0.2071156611,1.920711566,45
3,2,55,2,1,0.2187517809,1.946844308,42.19097289
3,2,55,3,1.5,0.2365604882,1.978347991,38.84715653
3,2,55,4,1.964300113,0.2582099524,2.00774491,35.78355957
3,2,55,5,1.578525359,0.2752727196,2.029854111,33.48823063
3,2,55,6,1.108297728,0.2861071902,2.042069182,32.23592292
3,2,56,0,,0.2011173184,1.920111732,45
3,2,56,1,0.5,0.2071156611,1.920711566,45
3,2,56,2,1,0.2187517809,1.946844308,42.19097289
3,2,56,3,1.5,0.2365604882,1.978347991,38.84715653
3,2,56,4,1.964299964,0.2582099512,2.00774491,35.78355962
3,2,56,5,1.578525315,0.2752727179,2.02985411,33.4882307
3,2,56,6,1.108297843,0.2861071901,2.042069184,32.23592273
3,2,57,0,,0.2011173184,1.920111732,45
3,2,57,1,0.5,0.2071156611,1.920711566,45
3,2,57,2,1,0.2187517809,1.946844308,42.19097289
3,2,57,3,1.5,0.2365604882,1.978347991,38.84715653
3,2,57,4,1.964300028,0.2582099517,2.00774491,35.7835596
3,2,57,5,1.578525361,0.2752727189,2.029854111,33.48823065
3,2,57,6,1.10829735,0.2861071847,2.042069174,32.23592376
3,2,58,0,,0.2011173184,1.920111732,45
3,2,58,1,0.5,0.2071156611,1.920711566,45
3,2,58,2,1,0.2187517809,1.946844308,42.19097289
3,2,58,3,1.5,0.2365604882,1.978347991,38.84715653
3,2,58,4,1.96430002,0.2582099517,2.00774491,35.7835596
3,2,58,5,1.578525464,0.27527272,2.029854111,33.48823057
3,2,58,6,1.108297303,0.2861071851,2.042069174,32.23592379
3,2,59,0,,0.2011173184,1.920111732,45
3,2,59,1,0.5,0.2071156611,1.920711566,45
3,2,59,2,1,0.2187517809,1.946844308,42.19097289
3,2,59,3,1.5,0.2365604882,1.978347991,38.84715653
3,2,59,4,1.964299739,0.2582099493,2.007744909,35.7835597
3,2,59,5,1.578525404,0.2752727171,2.02985411,33.48823069
3,2,59,6,1.108297351,0.286107183,2.042069174,32.23592378
3,2,60,0,,0.2011173184,1.920111732,45
3,2,60,1,0.5,0.2071156611,1.920711566,45
3,2,60,2,1,0.2187517809,1.946844308,42.19097289
3,2,60,3,1.5,0.2365604882,1.978347991,38.84715653
3,2,60,4,1.964300087,0.2582099522,2.00774491,35.78355958
3,2,60,5,1.578525417,0.27527272,2.029854111,33.48823059
3,2,60,6,1.108297358,0.2861071859,2.042069175,32.23592369
3,2,61,0,,0.2011173184,1.920111732,45
3,2,61,1,0.5,0.2071156611,1.920711566,45
3,2,61,2,1,0.2187517809,1.946844308,42.19097289
3,2,61,3,1.5,0.2365604882,1.978347991,38.84715653
3,2,61,4,1.964300064,0.258209952,2.00774491,35.78355959
3,2,61,5,1.578525293,0.2752727185,2.02985411,33.4882307
3,2,61,6,1.108297424,0.2861071853,2.042069175,32.23592363
3,3,42,0,,0.2011173184,1.920111732,45
3,3,42,1,0.5,0.2071156611,1.920711566,45
3,3,42,2,1,0.2187517809,1.946844308,42.19097289
3,3,42,3,1.5,0.2365604882,1.978347991,38.84715653
3,3,42,4,1.964299369,0.2582099463,2.007744907,35.78355983
3,3,42,5,1.620205395,0.2757090349,2.030174912,33.45704899
3,3,42,6,1.120205395,0.286681973,2.042578219,32.18512258
3,3,43,0,,0.2011173184,1.920111732,45
3,3,43,1,0.5,0.2071156611,1.920711566,45
3,3,43,2,1,0.2187517809,1.946844308,42.19097289
3,3,43,3,1.5,0.2365604882,1.978347991,38.84715653
3,3,43,4,1.964298599,0.2582099399,2.007744904,35.7835601
3,3,43,5,1.620205488,0.2757090298,2.030174911,33.45704912
3,3,43,6,1.120205488,0.2866819692,2.042578219,32.18512247
3,3,44,0,,0.2011173184,1.920111732,45
3,3,44,1,0.5,0.2071156611,1.920711566,45
3,3,44,2,1,0.2187517809,1.946844308,42.19097289
3,3,44,3,1.5,0.2365604882,1.978347991,38.84715653
3,3,44,4,1.964299513,0.2582099475,2.007744908,35.78355978
3,3,44,5,1.620205185,0.2757090339,2.030174911,33.4570491
3,3,44,6,1.120205185,0.2866819693,2.042578214,32.18512311
3,3,45,0,,0.2011173184,1.920111732,45
3,3,45,1,0.5,0.2071156611,1.920711566,45
3,3,45,2,1,0.2187517809,1.946844308,42.19097289
3,3,45,3,1.5,0.2365604882,1.978347991,38.84715653
3,3,45,4,1.964298538,0.2582099394,2.007744904,35.78356012
3,3,45,5,1.620205292,0.2757090273,2.030174909,33.45704928
3,3,45,6,1.120205292,0.2866819643,2.042578214,32.18512301
3,3,46,0,,0.2011173184,1.920111732,45
3,3,46,1,0.5,0.2071156611,1.920711566,45
3,3,46,2,1,0.2187517809,1.946844308,42.19097289
3,3,46,3,1.5,0.2365604882,1.978347991,38.84715653
3,3,46,4,1.964299372,0.2582099463,2.007744907,35.78355983
3,3,46,5,1.620205344,0.2757090344,2.030174912,33.45704903
3,3,46,6,1.120205344,0.2866819718,2.042578218,32.18512271
3,3,47,0,,0.2011173184,1.920111732,45
3,3,47,1,0.5,0.2071156611,1.920711566,45
3,3,47,2,1,0.2187517809,1.946844308,42.19097289
3,3,47,3,1.5,0.2365604882,1.978347991,38.84715653
3,3,47,4,1.964299253,0.2582099453,2.007744907,35.78355987
3,3,47,5,1.620205464,0.2757090347,2.030174913,33.45704897
3,3,47,6,1.120205464,0.2866819737,2.04257822,32.18512241
3,3,48,0,,0.2011173184,1.920111732,45
3,3,48,1,0.5,0.2071156611,1.920711566,45
3,3,48,2,1,0.2187517809,1.946844308,42.19097289
3,3,48,3,1.5,0.2365604882,1.978347991,38.84715653
3,3,48,4,1.964299644,0.2582099485,2.007744908,35.78355973
3,3,48,5,1.620205373,0.2757090369,2.030174913,33.45704893
3,3,48,6,1.120205373,0.2866819746,2.042578219,32.18512258
3,3,49,0,,0.2011173184,1.920111732,45
3,3,49,1,0.5,0.2071156611,1.920711566,45
3,3,49,2,1,0.2187517809,1.946844308,42.19097289
3,3,49,3,1.5,0.2365604882,1.978347991,38.84715653
3,3,49,4,1.964299492,0.2582099473,2.007744908,35.78355978
3,3,49,5,1.620205302,0.275709035,2.030174912,33.45704902
3,3,49,6,1.120205302,0.2866819718,2.042578217,32.1851228
3,3,50,0,,0.2011173184,1.920111732,45
3,3,50,1,0.5,0.2071156611,1.920711566,45
3,3,50,2,1,0.2187517809,1.946844308,42.19097289
3,3,50,3,1.5,0.2365604882,1.978347991,38.84715653
3,3,50,4,1.964299539,0.2582099477,2.007744908,35.78355977
3,3,50,5,1.620205402,0.2757090364,2.030174913,33.45704894
3,3,50,6,1.120205402,0.2866819745,2.042578219,32.18512253
3,3,51,0,,0.2011173184,1.920111732,45
3,3,51,1,0.5,0.2071156611,1.920711566,45
3,3,51,2,1,0.2187517809,1.946844308,42.19097289
3,3,51,3,1.5,0.2365604882,1.978347991,38.84715653
3,3,51,4,1.964299314,0.2582099458,2.007744907,35.78355985
3,3,51,5,1.620205258,0.2757090331,2.030174911,33.4570491
3,3,51,6,1.120205258,0.2866819694,2.042578215,32.18512296
3,3,52,0,,0.2011173184,1.920111732,45
3,3,52,1,0.5,0.2071156611,1.920711566,45
3,3,52,2,1,0.2187517809,1.946844308,42.19097289
3,3,52,3,1.5,0.2365604882,1.978347991,38.84715653
3,3,52,4,1.964299355,0.2582099461,2.007744907,35.78355983
3,3,52,5,1.620205398,0.2757090349,2.030174912,33.45704899
3,3,52,6,1.120205398,0.2866819729,2.042578219,32.18512257
3,3,53,0,,0.2011173184,1.920111732,45
3,3,53,1,0.5,0.2071156611,1.920711566,45
3,3,53,2,1,0.2187517809,1.946844308,42.19097289
3,3,53,3,1.5,0.2365604882,1.978347991,38.84715653
3,3,53,4,1.964299444,0.2582099469,2.007744908,35.7835598
3,3,53,5,1.620205286,0.2757090344,2.030174912,33.45704905
3,3,53,6,1.120205286,0.2866819711,2.042578216,32.18512286
3,3,54,0,,0.2011173184,1.920111732,45
3,3,54,1,0.5,0.2071156611,1.920711566,45
3,3,54,2,1,0.2187517809,1.946844308,42.19097289
3,3,54,3,1.5,0.2365604882,1.978347991,38.84715653
3,3,54,4,1.964299553,0.2582099478,2.007744908,35.78355976
3,3,54,5,1.620205277,0.2757090352,2.030174912,33.45704903
3,3,54,6,1.120205277,0.2866819717,2.042578216,32.18512286
3,3,55,0,,0.2011173184,1.920111732,45
3,3,55,1,0.5,0.2071156611,1.920711566,45
3,3,55,2,1,0.2187517809,1.946844308,42.19097289
3,3,55,3,1.5,0.2365604882,1.978347991,38.84715653
3,3,55,4,1.964299515,0.2582099475,2.007744908,35.78355978
3,3,55,5,1.620205197,0.2757090341,2.030174911,33.45704909
3,3,55,6,1.120205197,0.2866819696,2.042578214,32.18512308
3,3,56,0,,0.2011173184,1.920111732,45
3,3,56,1,0.5,0.2071156611,1.920711566,45
3,3,56,2,1,0.2187517809,1.946844308,42.19097289
3,3,56,3,1.5,0.2365604882,1.978347991,38.84715653
3,3,56,4,1.964299569,0.2582099479,2.007744908,35.78355976
3,3,56,5,1.620205557,0.2757090382,2.030174914,33.45704882
3,3,56,6,1.120205557,0.2866819782,2.042578224,32.1851221
3,3,57,0,,0.2011173184,1.920111732,45
3,3,57,1,0.5,0.2071156611,1.920711566,45
3,3,57,2,1,0.2187517809,1.946844308,42.19097289
3,3,57,3,1.5,0.2365604882,1.978347991,38.84715653
3,3,57,4,1.964299642,0.2582099485,2.007744908,35.78355973
3,3,57,5,1.620205273,0.2757090359,2.030174912,33.45704901
3,3,57,6,1.120205273,0.2866819723,2.042578216,32.18512285
3,3,58,0,,0.2011173184,1.920111732,45
3,3,58,1,0.5,0.2071156611,1.920711566,45
3,3,58,2,1,0.2187517809,1.946844308,42.19097289
3,3,58,3,1.5,0.2365604882,1.978347991,38.84715653
3,3,58,4,1.964299403,0.2582099465,2.007744907,35.78355982
3,3,58,5,1.62020531,0.2757090343,2.030174912,33.45704904
3,3,58,6,1.12020531,0.2866819713,2.042578217,32.1851228
3,3,59,0,,0.2011173184,1.920111732,45
3,3,59,1,0.5,0.2071156611,1.920711566,45
3,3,59,2,1,0.2187517809,1.946844308,42.19097289
3,3,59,3,1.5,0.2365604882,1.978347991,38.84715653
3,3,59,4,1.964299452,0.2582099469,2.007744908,35.7835598
3,3,59,5,1.620205202,0.2757090336,2.030174911,33.45704911
3,3,59,6,1.120205202,0.2866819692,2.042578214,32.18512308
3,3,60,0,,0.2011173184,1.920111732,45
3,3,60,1,0.5,0.2071156611,1.920711566,45
3,3,60,2,1,0.2187517809,1.946844308,42.19097289
3,3,60,3,1.5,0.2365604882,1.978347991,38.84715653
3,3,60,4,1.964299557,0.2582099478,2.007744908,35.78355976
3,3,60,5,1.620205413,0.2757090366,2.030174913,33.45704893
3,3,60,6,1.120205413,0.2866819748,2.04257822,32.18512249
3,3,61,0,,0.2011173184,1.920111732,45
3,3,61,1,0.5,0.2071156611,1.920711566,45
3,3,61,2,1,0.2187517809,1.946844308,42.19097289
3,3,61,3,1.5,0.2365604882,1.978347991,38.84715653
3,3,61,4,1.964299181,0.2582099447,2.007744907,35.78355989
3,3,61,5,1.620205199,0.2757090314,2.03017491,33.45704918
3,3,61,6,1.120205199,0.2866819671,2.042578213,32.18512314
4,1,42,0,,0.2011173184,1.920111732,45
4,1,42,1,0,0.2070057453,1.920700575,45
4,1,42,2,0,0.2127364463,1.921273645,45
4,1,42,3,0,0.2183152447,1.921831524,45
4,1,42,4,0,0.2237476823,1.922374768,45
4,1,42,5,0,0.2290390363,1.922903904,45
4,1,42,6,0,0.2341943346,1.923419433,45
4,1,43,0,,0.2011173184,1.920111732,45
4,1,43,1,0,0.2070057453,1.920700575,45
4,1,43,2,0,0.2127364463,1.921273645,45
4,1,43,3,0,0.2183152447,1.921831524,45
4,1,43,4,0,0.2237476823,1.922374768,45
4,1,43,5,0,0.2290390363,1.922903904,45
4,1,43,6,0,0.2341943346,1.923419433,45
4,1,44,0,,0.2011173184,1.920111732,45
4,1,44,1,0,0.2070057453,1.920700575,45
4,1,44,2,0,0.2127364463,1.921273645,45
4,1,44,3,0,0.2183152447,1.921831524,45
4,1,44,4,0,0.2237476823,1.922374768,45
4,1,44,5,0,0.2290390363,1.922903904,45
4,1,44,6,0,0.2341943346,1.923419433,45
4,1,45,0,,0.2011173184,1.920111732,45
4,1,45,1,0,0.2070057453,1.920700575,45
4,1,45,2,0,0.2127364463,1.921273645,45
4,1,45,3,0,0.2183152447,1.921831524,45
4,1,45,4,0,0.2237476823,1.922374768,45
4,1,45,5,0,0.2290390363,1.922903904,45
4,1,45,6,0,0.2341943346,1.923419433,45
4,1,46,0,,0.2011173184,1.920111732,45
4,1,46,1,0,0.2070057453,1.920700575,45
4,1,46,2,0,0.2127364463,1.921273645,45
4,1,46,3,0,0.2183152447,1.921831524,45
4,1,46,4,0,0.2237476823,1.922374768,45
4,1,46,5,0,0.2290390363,1.922903904,45
4,1,46,6,0,0.2341943346,1.923419433,45
4,1,47,0,,0.2011173184,1.920111732,45
4,1,47,1,0,0.2070057453,1.920700575,45
4,1,47,2,0,0.2127364463,1.921273645,45
4,1,47,3,0,0.2183152447,1.921831524,45
4,1,47,4,0,0.2237476823,1.922374768,45
4,1,47,5,0,0.2290390363,1.922903904,45
4,1,47,6,0,0.2341943346,1.923419433,45
4,1,48,0,,0.2011173184,1.920111732,45
4,1,48,1,0,0.2070057453,1.920700575,45
4,1,48,2,0,0.2127364463,1.921273645,45
4,1,48,3,0,0.2183152447,1.921831524,45
4,1,48,4,0,0.2237476823,1.922374768,45
4,1,48,5,0,0.2290390363,1.922903904,45
4,1,48,6,0,0.2341943346,1.923419433,45
4,1,49,0,,0.2011173184,1.920111732,45
4,1,49,1,0,0.2070057453,1.920700575,45
4,1,49,2,0,0.2127364463,1.921273645,45
4,1,49,3,0,0.2183152447,1.921831524,45
4,1,49,4,0,0.2237476823,1.922374768,45
4,1,49,5,0,0.2290390363,1.922903904,45
4,1,49,6,0,0.2341943346,1.923419433,45
4,1,50,0,,0.2011173184,1.920111732,45
4,1,50,1,0,0.2070057453,1.920700575,45
4,1,50,2,0,0.2127364463,1.921273645,45
4,1,50,3,0,0.2183152447,1.921831524,45
4,1,50,4,0,0.2237476823,1.922374768,45
4,1,50,5,0,0.2290390363,1.922903904,45
4,1,50,6,0,0.2341943346,1.923419433,45
4,1,51,0,,0.2011173184,1.920111732,45
4,1,51,1,0,0.2070057453,1.920700575,45
4,1,51,2,0,0.2127364463,1.921273645,45
4,1,51,3,0,0.2183152447,1.921831524,45
4,1,51,4,0,0.2237476823,1.922374768,45
4,1,51,5,0,0.2290390363,1.922903904,45
4,1,51,6,0,0.2341943346,1.923419433,45
4,1,52,0,,0.2011173184,1.920111732,45
4,1,52,1,0,0.2070057453,1.920700575,45
4,1,52,2,0,0.2127364463,1.921273645,45
4,1,52,3,0,0.2183152447,1.921831524,45
4,1,52,4,0,0.2237476823,1.922374768,45
4,1,52,5,0,0.2290390363,1.922903904,45
4,1,52,6,0,0.2341943346,1.923419433,45
4,1,53,0,,0.2011173184,1.920111732,45
4,1,53,1,0,0.2070057453,1.920700575,45
4,1,53,2,0,0.2127364463,1.921273645,45
4,1,53,3,0,0.2183152447,1.921831524,45
4,1,53,4,0,0.2237476823,1.922374768,45
4,1,53,5,0,0.2290390363,1.922903904,45
4,1,53,6,0,0.2341943346,1.923419433,45
4,1,54,0,,0.2011173184,1.920111732,45
4,1,54,1,0,0.2070057453,1.920700575,45
4,1,54,2,0,0.2127364463,1.921273645,45
4,1,54,3,0,0.2183152447,1.921831524,45
4,1,54,4,0,0.2237476823,1.922374768,45
4,1,54,5,0,0.2290390363,1.922903904,45
4,1,54,6,0,0.2341943346,1.923419433,45
4,1,55,0,,0.2011173184,1.920111732,45
4,1,55,1,0,0.2070057453,1.920700575,45
4,1,55,2,0,0.2127364463,1.921273645,45
4,1,55,3,0,0.2183152447,1.921831524,45
4,1,55,4,0,0.2237476823,1.922374768,45
4,1,55,5,0,0.2290390363,1.922903904,45
4,1,55,6,0,0.2341943346,1.923419433,45
4,1,56,0,,0.2011173184,1.920111732,45
4,1,56,1,0,0.2070057453,1.920700575,45
4,1,56,2,0,0.2127364463,1.921273645,45
4,1,56,3,0,0.2183152447,1.921831524,45
4,1,56,4,0,0.2237476823,1.922374768,45
4,1,56,5,0,0.2290390363,1.922903904,45
4,1,56,6,0,0.2341943346,1.923419433,45
4,1,57,0,,0.2011173184,1.920111732,45
4,1,57,1,0,0.2070057453,1.920700575,45
4,1,57,2,0,0.2127364463,1.921273645,45
4,1,57,3,0,0.2183152447,1.921831524,45
4,1,57,4,0,0.2237476823,1.922374768,45
4,1,57,5,0,0.2290390363,1.922903904,45
4,1,57,6,0,0.2341943346,1.923419433,45
4,1,58,0,,0.2011173184,1.920111732,45
4,1,58,1,0,0.2070057453,1.920700575,45
4,1,58,2,0,0.2127364463,1.921273645,45
4,1,58,3,0,0.2183152447,1.921831524,45
4,1,58,4,0,0.2237476823,1.922374768,45
4,1,58,5,0,0.2290390363,1.922903904,45
4,1,58,6,0,0.2341943346,1.923419433,45
4,1,59,0,,0.2011173184,1.920111732,45
4,1,59,1,0,0.2070057453,1.920700575,45
4,1,59,2,0,0.2127364463,1.921273645,45
4,1,59,3,0,0.2183152447,1.921831524,45
4,1,59,4,0,0.2237476823,1.922374768,45
4,1,59,5,0,0.2290390363,1.922903904,45
4,1,59,6,0,0.2341943346,1.923419433,45
4,1,60,0,,0.2011173184,1.920111732,45
4,1,60,1,0,0.2070057453,1.920700575,45
4,1,60,2,0,0.2127364463,1.921273645,45
4,1,60,3,0,0.2183152447,1.921831524,45
4,1,60,4,0,0.2237476823,1.922374768,45
4,1,60,5,0,0.2290390363,1.922903904,45
4,1,60,6,0,0.2341943346,1.923419433,45
4,1,61,0,,0.2011173184,1.920111732,45
4,1,61,1,0,0.2070057453,1.920700575,45
4,1,61,2,0,0.2127364463,1.921273645,45
4,1,61,3,0,0.2183152447,1.921831524,45
4,1,61,4,0,0.2237476823,1.922374768,45
4,1,61,5,0,0.2290390363,1.922903904,45
4,1,61,6,0,0.2341943346,1.923419433,45
4,2,42,0,,0.2011173184,1.920111732,45
4,2,42,1,0.5,0.2071156611,1.920711566,45
4,2,42,2,1,0.2187517809,1.946844308,42.19097289
4,2,42,3,1.5,0.2365604882,1.978347991,38.84715653
4,2,42,4,1.627066344,0.2550378019,2.005838509,35.96234296
4,2,42,5,1.366054701,0.2698144795,2.026157107,33.84273837
4,2,42,6,1.048801834,0.2800549334,2.037685179,32.6610354
4,2,43,0,,0.2011173184,1.920111732,45
4,2,43,1,0.5,0.2071156611,1.920711566,45
4,2,43,2,1,0.2187517809,1.946844308,42.19097289
4,2,43,3,1.5,0.2365604882,1.978347991,38.84715653
4,2,43,4,1.627066487,0.2550378034,2.005838511,35.96234285
4,2,43,5,1.366054731,0.2698144813,2.026157108,33.84273825
4,2,43,6,1.048801779,0.2800549345,2.037685178,32.66103544
4,2,44,0,,0.2011173184,1.920111732,45
4,2,44,1,0.5,0.2071156611,1.920711566,45
4,2,44,2,1,0.2187517809,1.946844308,42.19097289
4,2,44,3,1.5,0.2365604882,1.978347991,38.84715653
4,2,44,4,1.627066744,0.2550378061,2.005838513,35.96234266
4,2,44,5,1.366054665,0.2698144831,2.026157109,33.84273817
4,2,44,6,1.048801865,0.2800549374,2.037685181,32.66103517
4,2,45,0,,0.2011173184,1.920111732,45
4,2,45,1,0.5,0.2071156611,1.920711566,45
4,2,45,2,1,0.2187517809,1.946844308,42.19097289
4,2,45,3,1.5,0.2365604882,1.978347991,38.84715653
4,2,45,4,1.62706659,0.2550378045,2.005838511,35.96234277
4,2,45,5,1.366054804,0.2698144832,2.02615711,33.84273809
4,2,45,6,1.04880171,0.2800549355,2.037685178,32.66103548
4,2,46,0,,0.2011173184,1.920111732,45
4,2,46,1,0.5,0.2071156611,1.920711566,45
4,2,46,2,1,0.2187517809,1.946844308,42.19097289
4,2,46,3,1.5,0.2365604882,1.978347991,38.84715653
4,2,46,4,1.627066683,0.2550378055,2.005838512,35.9623427
4,2,46,5,1.366054677,0.2698144827,2.026157109,33.8427382
4,2,46,6,1.048801752,0.2800549354,2.037685178,32.66103547
4,2,47,0,,0.2011173184,1.920111732,45
4,2,47,1,0.5,0.2071156611,1.920711566,45
4,2,47,2,1,0.2187517809,1.946844308,42.19097289
4,2,47,3,1.5,0.2365604882,1.978347991,38.84715653
4,2,47,4,1.62706672,0.2550378059,2.005838512,35.96234267
4,2,47,5,1.366055051,0.2698144875,2.026157114,33.84273769
4,2,47,6,1.048801685,0.2800549393,2.037685181,32.66103522
4,2,48,0,,0.2011173184,1.920111732,45
4,2,48,1,0.5,0.2071156611,1.920711566,45
4,2,48,2,1,0.2187517809,1.946844308,42.19097289
4,2,48,3,1.5,0.2365604882,1.978347991,38.84715653
4,2,48,4,1.627066538,0.2550378039,2.005838511,35.96234281
4,2,48,5,1.366054665,0.269814481,2.026157108,33.8427383
4,2,48,6,1.048801709,0.2800549333,2.037685176,32.66103566
4,2,49,0,,0.2011173184,1.920111732,45
4,2,49,1,0.5,0.2071156611,1.920711566,45
4,2,49,2,1,0.2187517809,1.946844308,42.19097289
4,2,49,3,1.5,0.2365604882,1.978347991,38.84715653
4,2,49,4,1.627066644,0.2550378051,2.005838512,35.96234273
4,2,49,5,1.366054816,0.2698144839,2.02615711,33.84273804
4,2,49,6,1.04880114,0.2800549287,2.037685165,32.66103687
4,2,50,0,,0.2011173184,1.920111732,45
4,2,50,1,0.5,0.2071156611,1.920711566,45
4,2,50,2,1,0.2187517809,1.946844308,42.19097289
4,2,50,3,1.5,0.2365604882,1.978347991,38.84715653
4,2,50,4,1.62706643,0.2550378028,2.00583851,35.96234289
4,2,50,5,1.366054872,0.2698144824,2.02615711,33.8427381
4,2,50,6,1.048801154,0.2800549275,2.037685165,32.66103688
4,2,51,0,,0.2011173184,1.920111732,45
4,2,51,1,0.5,0.2071156611,1.920711566,45
4,2,51,2,1,0.2187517809,1.946844308,42.19097289
4,2,51,3,1.5,0.2365604882,1.978347991,38.84715653
4,2,51,4,1.627066394,0.2550378024,2.00583851,35.96234292
4,2,51,5,1.366054756,0.2698144807,2.026157108,33.84273827
4,2,51,6,1.048801229,0.2800549267,2.037685165,32.66103684
4,2,52,0,,0.2011173184,1.920111732,45
4,2,52,1,0.5,0.2071156611,1.920711566,45
4,2,52,2,1,0.2187517809,1.946844308,42.19097289
4,2,52,3,1.5,0.2365604882,1.978347991,38.84715653
4,2,52,4,1.627066736,0.255037806,2.005838513,35.96234266
4,2,52,5,1.366054865,0.2698144855,2.026157111,33.84273792
4,2,52,6,1.048801699,0.2800549375,2.037685179,32.66103537
4,2,53,0,,0.2011173184,1.920111732,45
4,2,53,1,0.5,0.2071156611,1.920711566,45
4,2,53,2,1,0.2187517809,1.946844308,42.19097289
4,2,53,3,1.5,0.2365604882,1.978347991,38.84715653
4,2,53,4,1.627066568,0.2550378043,2.005838511,35.96234279
4,2,53,5,1.366054726,0.2698144821,2.026157109,33.8427382
4,2,53,6,1.048801171,0.2800549273,2.037685164,32.66103693
4,2,54,0,,0.2011173184,1.920111732,45
4,2,54,1,0.5,0.2071156611,1.920711566,45
4,2,54,2,1,0.2187517809,1.946844308,42.19097289
4,2,54,3,1.5,0.2365604882,1.978347991,38.84715653
4,2,54,4,1.627066553,0.2550378041,2.005838511,35.9623428
4,2,54,5,1.366054839,0.2698144833,2.02615711,33.84273807
4,2,54,6,1.048801739,0.2800549359,2.037685179,32.66103539
4,2,55,0,,0.2011173184,1.920111732,45
4,2,55,1,0.5,0.2071156611,1.920711566,45
4,2,55,2,1,0.2187517809,1.946844308,42.19097289
4,2,55,3,1.5,0.2365604882,1.978347991,38.84715653
4,2,55,4,1.627066439,0.2550378029,2.00583851,35.96234289
4,2,55,5,1.366054928,0.2698144832,2.02615711,33.84273802
4,2,55,6,1.048801817,0.2800549368,2.037685181,32.66103515
4,2,56,0,,0.2011173184,1.920111732,45
4,2,56,1,0.5,0.2071156611,1.920711566,45
4,2,56,2,1,0.2187517809,1.946844308,42.19097289
4,2,56,3,1.5,0.2365604882,1.978347991,38.84715653
4,2,56,4,1.627066643,0.255037805,2.005838512,35.96234273
4,2,56,5,1.366054768,0.2698144833,2.02615711,33.8427381
4,2,56,6,1.048801781,0.2800549365,2.03768518,32.66103531
4,2,57,0,,0.2011173184,1.920111732,45
4,2,57,1,0.5,0.2071156611,1.920711566,45
4,2,57,2,1,0.2187517809,1.946844308,42.19097289
4,2,57,3,1.5,0.2365604882,1.978347991,38.84715653
4,2,57,4,1.62706654,0.255037804,2.005838511,35.96234281
4,2,57,5,1.366054698,0.2698144814,2.026157108,33.84273826
4,2,57,6,1.048801654,0.280054933,2.037685175,32.66103576
4,2,58,0,,0.2011173184,1.920111732,45
4,2,58,1,0.5,0.2071156611,1.920711566,45
4,2,58,2,1,0.2187517809,1.946844308,42.19097289
4,2,58,3,1.5,0.2365604882,1.978347991,38.84715653
4,2,58,4,1.627066678,0.2550378054,2.005838512,35.96234271
4,2,58,5,1.366054698,0.2698144829,2.026157109,33.84273817
4,2,58,6,1.048801661,0.2800549345,2.037685176,32.66103567
4,2,59,0,,0.2011173184,1.920111732,45
4,2,59,1,0.5,0.2071156611,1.920711566,45
4,2,59,2,1,0.2187517809,1.946844308,42.19097289
4,2,59,3,1.5,0.2365604882,1.978347991,38.84715653
4,2,59,4,1.627066602,0.2550378046,2.005838511,35.96234276
4,2,59,5,1.366054873,0.2698144842,2.026157111,33.84273799
4,2,59,6,1.048801652,0.2800549356,2.037685178,32.66103555
4,2,60,0,,0.2011173184,1.920111732,45
4,2,60,1,0.5,0.2071156611,1.920711566,45
4,2,60,2,1,0.2187517809,1.946844308,42.19097289
4,2,60,3,1.5,0.2365604882,1.978347991,38.84715653
4,2,60,4,1.627066607,0.2550378047,2.005838511,35.96234276
4,2,60,5,1.366054844,0.2698144839,2.02615711,33.84273803
4,2,60,6,1.04880161,0.2800549348,2.037685176,32.66103568
4,2,61,0,,0.2011173184,1.920111732,45
4,2,61,1,0.5,0.2071156611,1.920711566,45
4,2,61,2,1,0.2187517809,1.946844308,42.19097289
4,2,61,3,1.5,0.2365604882,1.978347991,38.84715653
4,2,61,4,1.627066408,0.2550378026,2.00583851,35.96234291
4,2,61,5,1.366054642,0.2698144794,2.026157107,33.84273841
4,2,61,6,1.048801933,0.2800549347,2.037685181,32.66103518
4,3,42,0,,0.2011173184,1.920111732,45
4,3,42,1,0.5,0.2071156611,1.920711566,45
4,3,42,2,1,0.2187517809,1.946844308,42.19097289
4,3,42,3,1.5,0.2365604882,1.978347991,38.84715653
4,3,42,4,1.675153461,0.2555379142,2.006196868,35.92765391
4,3,42,5,1.401895863,0.2707235104,2.026885805,33.77098641
4,3,42,6,1.041150102,0.2808357188,2.038113023,32.62168673
4,3,43,0,,0.2011173184,1.920111732,45
4,3,43,1,0.5,0.2071156611,1.920711566,45
4,3,43,2,1,0.2187517809,1.946844308,42.19097289
4,3,43,3,1.5,0.2365604882,1.978347991,38.84715653
4,3,43,4,1.67515314,0.255537911,2.006196865,35.92765413
4,3,43,5,1.401895835,0.2707235069,2.026885803,33.77098661
4,3,43,6,1.041150128,0.2808357158,2.038113022,32.62168682
4,3,44,0,,0.2011173184,1.920111732,45
4,3,44,1,0.5,0.2071156611,1.920711566,45
4,3,44,2,1,0.2187517809,1.946844308,42.19097289
4,3,44,3,1.5,0.2365604882,1.978347991,38.84715653
4,3,44,4,1.675153378,0.2555379134,2.006196867,35.92765397
4,3,44,5,1.40189578,0.2707235086,2.026885804,33.77098655
4,3,44,6,1.041150181,0.2808357181,2.038113024,32.62168664
4,3,45,0,,0.2011173184,1.920111732,45
4,3,45,1,0.5,0.2071156611,1.920711566,45
4,3,45,2,1,0.2187517809,1.946844308,42.19097289
4,3,45,3,1.5,0.2365604882,1.978347991,38.84715653
4,3,45,4,1.675153309,0.2555379127,2.006196867,35.92765402
4,3,45,5,1.401895901,0.2707235093,2.026885805,33.77098644
4,3,45,6,1.041150157,0.2808357185,2.038113024,32.62168661
4,3,46,0,,0.2011173184,1.920111732,45
4,3,46,1,0.5,0.2071156611,1.920711566,45
4,3,46,2,1,0.2187517809,1.946844308,42.19097289
4,3,46,3,1.5,0.2365604882,1.978347991,38.84715653
4,3,46,4,1.675153162,0.2555379112,2.006196866,35.92765412
4,3,46,5,1.401895855,0.2707235073,2.026885803,33.77098658
4,3,46,6,1.041150252,0.2808357178,2.038113025,32.62168648
4,3,47,0,,0.2011173184,1.920111732,45
4,3,47,1,0.5,0.2071156611,1.920711566,45
4,3,47,2,1,0.2187517809,1.946844308,42.19097289
4,3,47,3,1.5,0.2365604882,1.978347991,38.84715653
4,3,47,4,1.675153446,0.2555379141,2.006196868,35.92765392
4,3,47,5,1.401895936,0.2707235111,2.026885806,33.77098633
4,3,47,6,1.041150166,0.2808357204,2.038113025,32.6216865
4,3,48,0,,0.2011173184,1.920111732,45
4,3,48,1,0.5,0.2071156611,1.920711566,45
4,3,48,2,1,0.2187517809,1.946844308,42.19097289
4,3,48,3,1.5,0.2365604882,1.978347991,38.84715653
4,3,48,4,1.675153299,0.2555379126,2.006196867,35.92765403
4,3,48,5,1.401895965,0.27072351,2.026885805,33.77098637
4,3,48,6,1.041150096,0.2808357184,2.038113023,32.62168671
4,3,49,0,,0.2011173184,1.920111732,45
4,3,49,1,0.5,0.2071156611,1.920711566,45
4,3,49,2,1,0.2187517809,1.946844308,42.19097289
4,3,49,3,1.5,0.2365604882,1.978347991,38.84715653
4,3,49,4,1.675153047,0.25553791,2.006196865,35.9276542
4,3,49,5,1.401896048,0.2707235085,2.026885805,33.77098641
4,3,49,6,1.041150142,0.2808357175,2.038113024,32.62168662
4,3,50,0,,0.2011173184,1.920111732,45
4,3,50,1,0.5,0.2071156611,1.920711566,45
4,3,50,2,1,0.2187517809,1.946844308,42.19097289
4,3,50,3,1.5,0.2365604882,1.978347991,38.84715653
4,3,50,4,1.67515311,0.2555379106,2.006196865,35.92765415
4,3,50,5,1.401895874,0.2707235071,2.026885803,33.77098658
4,3,50,6,1.041150245,0.2808357175,2.038113025,32.6216865
4,3,51,0,,0.2011173184,1.920111732,45
4,3,51,1,0.5,0.2071156611,1.920711566,45
4,3,51,2,1,0.2187517809,1.946844308,42.19097289
4,3,51,3,1.5,0.2365604882,1.978347991,38.84715653
4,3,51,4,1.675153313,0.2555379127,2.006196867,35.92765402
4,3,51,5,1.401895817,0.2707235084,2.026885804,33.77098654
4,3,51,6,1.041150192,0.2808357181,2.038113024,32.6216866
4,3,52,0,,0.2011173184,1.920111732,45
4,3,52,1,0.5,0.2071156611,1.920711566,45
4,3,52,2,1,0.2187517809,1.946844308,42.19097289
4,3,52,3,1.5,0.2365604882,1.978347991,38.84715653
4,3,52,4,1.675153261,0.2555379122,2.006196866,35.92765405
4,3,52,5,1.401895676,0.2707235062,2.026885802,33.77098674
4,3,52,6,1.041150176,0.2808357158,2.038113022,32.62168681
4,3,53,0,,0.2011173184,1.920111732,45
4,3,53,1,0.5,0.2071156611,1.920711566,45
4,3,53,2,1,0.2187517809,1.946844308,42.19097289
4,3,53,3,1.5,0.2365604882,1.978347991,38.84715653
4,3,53,4,1.675153107,0.2555379106,2.006196865,35.92765416
4,3,53,5,1.401895792,0.2707235061,2.026885802,33.77098668
4,3,53,6,1.041130958,0.2808354659,2.038112562,32.62173573
4,3,54,0,,0.2011173184,1.920111732,45
4,3,54,1,0.5,0.2071156611,1.920711566,45
4,3,54,2,1,0.2187517809,1.946844308,42.19097289
4,3,54,3,1.5,0.2365604882,1.978347991,38.84715653
4,3,54,4,1.675153234,0.2555379119,2.006196866,35.92765407
4,3,54,5,1.40189577,0.2707235071,2.026885803,33.77098664
4,3,54,6,1.041150267,0.2808357178,2.038113025,32.62168649
4,3,55,0,,0.2011173184,1.920111732,45
4,3,55,1,0.5,0.2071156611,1.920711566,45
4,3,55,2,1,0.2187517809,1.946844308,42.19097289
4,3,55,3,1.5,0.2365604882,1.978347991,38.84715653
4,3,55,4,1.675153273,0.2555379123,2.006196866,35.92765404
4,3,55,5,1.401895895,0.2707235089,2.026885804,33.77098647
4,3,55,6,1.041150241,0.2808357192,2.038113026,32.62168642
4,3,56,0,,0.2011173184,1.920111732,45
4,3,56,1,0.5,0.2071156611,1.920711566,45
4,3,56,2,1,0.2187517809,1.946844308,42.19097289
4,3,56,3,1.5,0.2365604882,1.978347991,38.84715653
4,3,56,4,1.675153634,0.255537916,2.006196869,35.9276538
4,3,56,5,1.401895574,0.2707235087,2.026885803,33.77098665
4,3,56,6,1.04114999,0.2808357157,2.038113019,32.62168722
4,3,57,0,,0.2011173184,1.920111732,45
4,3,57,1,0.5,0.2071156611,1.920711566,45
4,3,57,2,1,0.2187517809,1.946844308,42.19097289
4,3,57,3,1.5,0.2365604882,1.978347991,38.84715653
4,3,57,4,1.675153301,0.2555379126,2.006196867,35.92765402
4,3,57,5,1.401895887,0.2707235091,2.026885805,33.77098646
4,3,57,6,1.041150052,0.280835717,2.038113022,32.6216869
4,3,58,0,,0.2011173184,1.920111732,45
4,3,58,1,0.5,0.2071156611,1.920711566,45
4,3,58,2,1,0.2187517809,1.946844308,42.19097289
4,3,58,3,1.5,0.2365604882,1.978347991,38.84715653
4,3,58,4,1.675153104,0.2555379106,2.006196865,35.92765416
4,3,58,5,1.401895579,0.2707235035,2.0268858,33.77098693
4,3,58,6,1.041150274,0.2808357144,2.038113023,32.62168672
4,3,59,0,,0.2011173184,1.920111732,45
4,3,59,1,0.5000000002,0.2071156611,1.920711566,45
4,3,59,2,1,0.2187517809,1.946844308,42.19097289
4,3,59,3,1.5,0.2365604882,1.978347991,38.84715653
4,3,59,4,1.675153264,0.2555379122,2.006196866,35.92765405
4,3,59,5,1.401895879,0.2707235086,2.026885804,33.77098649
4,3,59,6,1.041149947,0.2808357151,2.038113019,32.62168719
4,3,60,0,,0.2011173184,1.920111732,45
4,3,60,1,0.5,0.2071156611,1.920711566,45
4,3,60,2,1,0.2187517809,1.946844308,42.19097289
4,3,60,3,1.5,0.2365604882,1.978347991,38.84715653
4,3,60,4,1.675153235,0.2555379119,2.006196866,35.92765407
4,3,60,5,1.401895712,0.2707235064,2.026885802,33.77098671
4,3,60,6,1.041150286,0.2808357174,2.038113025,32.6216865
4,3,61,0,,0.2011173184,1.920111732,45
4,3,61,1,0.5,0.2071156611,1.920711566,45
4,3,61,2,1,0.2187517809,1.946844308,42.19097289
4,3,61,3,1.5,0.2365604882,1.978347991,38.84715653
4,3,61,4,1.675153278,0.2555379124,2.006196866,35.92765404
4,3,61,5,1.401895932,0.2707235094,2.026885805,33.77098642
4,3,61,6,1.041150174,0.2808357188,2.038113025,32.62168655
6,1,42,0,,0.2011173184,1.920111732,45
6,1,42,1,0,0.2070057453,1.920700575,45
6,1,42,2,0,0.2127364463,1.921273645,45
6,1,42,3,0,0.2183152447,1.921831524,45
6,1,42,4,0,0.2237476823,1.922374768,45
6,1,42,5,0,0.2290390363,1.922903904,45
6,1,42,6,0,0.2341943346,1.923419433,45
6,1,43,0,,0.2011173184,1.920111732,45
6,1,43,1,0,0.2070057453,1.920700575,45
6,1,43,2,0,0.2127364463,1.921273645,45
6,1,43,3,0,0.2183152447,1.921831524,45
6,1,43,4,0,0.2237476823,1.922374768,45
6,1,43,5,0,0.2290390363,1.922903904,45
6,1,43,6,0,0.2341943346,1.923419433,45
6,1,44,0,,0.2011173184,1.920111732,45
6,1,44,1,0,0.2070057453,1.920700575,45
6,1,44,2,0,0.2127364463,1.921273645,45
6,1,44,3,0,0.2183152447,1.921831524,45
6,1,44,4,0,0.2237476823,1.922374768,45
6,1,44,5,0,0.2290390363,1.922903904,45
6,1,44,6,0,0.2341943346,1.923419433,45
6,1,45,0,,0.2011173184,1.920111732,45
6,1,45,1,0,0.2070057453,1.920700575,45
6,1,45,2,0,0.2127364463,1.921273645,45
6,1,45,3,0,0.2183152447,1.921831524,45
6,1,45,4,0,0.2237476823,1.922374768,45
6,1,45,5,0,0.2290390363,1.922903904,45
6,1,45,6,0,0.2341943346,1.923419433,45
6,1,46,0,,0.2011173184,1.920111732,45
6,1,46,1,0,0.2070057453,1.920700575,45
6,1,46,2,0,0.2127364463,1.921273645,45
6,1,46,3,0,0.2183152447,1.921831524,45
6,1,46,4,0,0.2237476823,1.922374768,45
6,1,46,5,0,0.2290390363,1.922903904,45
6,1,46,6,0,0.2341943346,1.923419433,45
6,1,47,0,,0.2011173184,1.920111732,45
6,1,47,1,0,0.2070057453,1.920700575,45
6,1,47,2,0,0.2127364463,1.921273645,45
6,1,47,3,0,0.2183152447,1.921831524,45
6,1,47,4,0,0.2237476823,1.922374768,45
6,1,47,5,0,0.2290390363,1.922903904,45
6,1,47,6,0,0.2341943346,1.923419433,45
6,1,48,0,,0.2011173184,1.920111732,45
6,1,48,1,0,0.2070057453,1.920700575,45
6,1,48,2,0,0.2127364463,1.921273645,45
6,1,48,3,0,0.2183152447,1.921831524,45
6,1,48,4,0,0.2237476823,1.922374768,45
6,1,48,5,0,0.2290390363,1.922903904,45
6,1,48,6,0,0.2341943346,1.923419433,45
6,1,49,0,,0.2011173184,1.920111732,45
6,1,49,1,0,0.2070057453,1.920700575,45
6,1,49,2,0,0.2127364463,1.921273645,45
6,1,49,3,0,0.2183152447,1.921831524,45
6,1,49,4,0,0.2237476823,1.922374768,45
6,1,49,5,0,0.2290390363,1.922903904,45
6,1,49,6,0,0.2341943346,1.923419433,45
6,1,50,0,,0.2011173184,1.920111732,45
6,1,50,1,0,0.2070057453,1.920700575,45
6,1,50,2,0,0.2127364463,1.921273645,45
6,1,50,3,0,0.2183152447,1.921831524,45
6,1,50,4,0,0.2237476823,1.922374768,45
6,1,50,5,0,0.2290390363,1.922903904,45
6,1,50,6,0,0.2341943346,1.923419433,45
6,1,51,0,,0.2011173184,1.920111732,45
6,1,51,1,0,0.2070057453,1.920700575,45
6,1,51,2,0,0.2127364463,1.921273645,45
6,1,51,3,0,0.2183152447,1.921831524,45
6,1,51,4,0,0.2237476823,1.922374768,45
6,1,51,5,0,0.2290390363,1.922903904,45
6,1,51,6,0,0.2341943346,1.923419433,45
6,1,52,0,,0.2011173184,1.920111732,45
6,1,52,1,0,0.2070057453,1.920700575,45
6,1,52,2,0,0.2127364463,1.921273645,45
6,1,52,3,0,0.2183152447,1.921831524,45
6,1,52,4,0,0.2237476823,1.922374768,45
6,1,52,5,0,0.2290390363,1.922903904,45
6,1,52,6,0,0.2341943346,1.923419433,45
6,1,53,0,,0.2011173184,1.920111732,45
6,1,53,1,0,0.2070057453,1.920700575,45
6,1,53,2,0,0.2127364463,1.921273645,45
6,1,53,3,0,0.2183152447,1.921831524,45
6,1,53,4,0,0.2237476823,1.922374768,45
6,1,53,5,0,0.2290390363,1.922903904,45
6,1,53,6,0,0.2341943346,1.923419433,45
6,1,54,0,,0.2011173184,1.920111732,45
6,1,54,1,0,0.2070057453,1.920700575,45
6,1,54,2,0,0.2127364463,1.921273645,45
6,1,54,3,0,0.2183152447,1.921831524,45
6,1,54,4,0,0.2237476823,1.922374768,45
6,1,54,5,0,0.2290390363,1.922903904,45
6,1,54,6,0,0.2341943346,1.923419433,45
6,1,55,0,,0.2011173184,1.920111732,45
6,1,55,1,0,0.2070057453,1.920700575,45
6,1,55,2,0,0.2127364463,1.921273645,45
6,1,55,3,0,0.2183152447,1.921831524,45
6,1,55,4,0,0.2237476823,1.922374768,45
6,1,55,5,0,0.2290390363,1.922903904,45
6,1,55,6,0,0.2341943346,1.923419433,45
6,1,56,0,,0.2011173184,1.920111732,45
6,1,56,1,0,0.2070057453,1.920700575,45
6,1,56,2,0,0.2127364463,1.921273645,45
6,1,56,3,0,0.2183152447,1.921831524,45
6,1,56,4,0,0.2237476823,1.922374768,45
6,1,56,5,0,0.2290390363,1.922903904,45
6,1,56,6,0,0.2341943346,1.923419433,45
6,1,57,0,,0.2011173184,1.920111732,45
6,1,57,1,0,0.2070057453,1.920700575,45
6,1,57,2,0,0.2127364463,1.921273645,45
6,1,57,3,0,0.2183152447,1.921831524,45
6,1,57,4,0,0.2237476823,1.922374768,45
6,1,57,5,0,0.2290390363,1.922903904,45
6,1,57,6,0,0.2341943346,1.923419433,45
6,1,58,0,,0.2011173184,1.920111732,45
6,1,58,1,0,0.2070057453,1.920700575,45
6,1,58,2,0,0.2127364463,1.921273645,45
6,1,58,3,0,0.2183152447,1.921831524,45
6,1,58,4,0,0.2237476823,1.922374768,45
6,1,58,5,0,0.2290390363,1.922903904,45
6,1,58,6,0,0.2341943346,1.923419433,45
6,1,59,0,,0.2011173184,1.920111732,45
6,1,59,1,0,0.2070057453,1.920700575,45
6,1,59,2,0,0.2127364463,1.921273645,45
6,1,59,3,0,0.2183152447,1.921831524,45
6,1,59,4,0,0.2237476823,1.922374768,45
6,1,59,5,0,0.2290390363,1.922903904,45
6,1,59,6,0,0.2341943346,1.923419433,45
6,1,60,0,,0.2011173184,1.920111732,45
6,1,60,1,0,0.2070057453,1.920700575,45
6,1,60,2,0,0.2127364463,1.921273645,45
6,1,60,3,0,0.2183152447,1.921831524,45
6,1,60,4,0,0.2237476823,1.922374768,45
6,1,60,5,0,0.2290390363,1.922903904,45
6,1,60,6,0,0.2341943346,1.923419433,45
6,1,61,0,,0.2011173184,1.920111732,45
6,1,61,1,0,0.2070057453,1.920700575,45
6,1,61,2,0,0.2127364463,1.921273645,45
6,1,61,3,0,0.2183152447,1.921831524,45
6,1,61,4,0,0.2237476823,1.922374768,45
6,1,61,5,0,0.2290390363,1.922903904,45
6,1,61,6,0,0.2341943346,1.923419433,45
6,2,42,0,,0.2011173184,1.920111732,45
6,2,42,1,0.5,0.2071156611,1.920711566,45
6,2,42,2,1,0.2187517809,1.946844308,42.19097289
6,2,42,3,1.449987294,0.2359655703,1.977781134,38.90423506
6,2,42,4,1.319969259,0.250894941,2.002027953,36.34442339
6,2,42,5,1.110566024,0.2625660014,2.018712696,34.59868921
6,2,42,6,0.9126206052,0.271259409,2.027645767,33.69151961
6,2,43,0,,0.2011173184,1.920111732,45
6,2,43,1,0.5,0.2071156611,1.920711566,45
6,2,43,2,1,0.2187517809,1.946844308,42.19097289
6,2,43,3,1.449987136,0.2359655684,1.977781132,38.90423525
6,2,43,4,1.319969283,0.2508949395,2.002027952,36.34442351
6,2,43,5,1.110566003,0.2625659997,2.018712695,34.59868935
6,2,43,6,0.9126206804,0.2712594083,2.027645768,33.69151947
6,2,44,0,,0.2011173184,1.920111732,45
6,2,44,1,0.5,0.2071156611,1.920711566,45
6,2,44,2,1,0.2187517809,1.946844308,42.19097289
6,2,44,3,1.449987172,0.2359655688,1.977781133,38.90423521
6,2,44,4,1.319969572,0.2508949435,2.002027956,36.34442304
6,2,44,5,1.110565791,0.2625660008,2.018712694,34.59868945
6,2,44,6,0.9126206478,0.271259409,2.027645766,33.69151967
6,2,45,0,,0.2011173184,1.920111732,45
6,2,45,1,0.5,0.2071156611,1.920711566,45
6,2,45,2,1,0.2187517809,1.946844308,42.19097289
6,2,45,3,1.449987212,0.2359655693,1.977781133,38.90423516
6,2,45,4,1.319968892,0.2508949354,2.002027947,36.34442403
6,2,45,5,1.110565199,0.2625659851,2.018712673,34.59869162
6,2,45,6,0.9126211397,0.2712594001,2.027645764,33.69151981
6,2,46,0,,0.2011173184,1.920111732,45
6,2,46,1,0.5,0.2071156611,1.920711566,45
6,2,46,2,1,0.2187517809,1.946844308,42.19097289
6,2,46,3,1.449986901,0.2359655655,1.97778113,38.90423554
6,2,46,4,1.319969537,0.25089494,2.002027953,36.34442336
6,2,46,5,1.110566035,0.2625660005,2.018712697,34.59868915
6,2,46,6,0.9126205096,0.271259407,2.027645764,33.69151988
6,2,47,0,,0.2011173184,1.920111732,45
6,2,47,1,0.5,0.2071156611,1.920711566,45
6,2,47,2,1,0.2187517809,1.946844308,42.19097289
6,2,47,3,1.449987072,0.2359655676,1.977781132,38.90423533
6,2,47,4,1.319969639,0.2508949432,2.002027956,36.34442304
6,2,47,5,1.110565064,0.2625659908,2.018712678,34.5986911
6,2,47,6,0.9126207946,0.2712594012,2.027645757,33.69152057
6,2,48,0,,0.2011173184,1.920111732,45
6,2,48,1,0.5,0.2071156611,1.920711566,45
6,2,48,2,1,0.2187517809,1.946844308,42.19097289
6,2,48,3,1.449987073,0.2359655676,1.977781132,38.90423533
6,2,48,4,1.319969333,0.2508949394,2.002027952,36.3444235
6,2,48,5,1.110565831,0.2625659973,2.018712691,34.59868973
6,2,48,6,0.9126208818,0.2712594086,2.027645771,33.6915191
6,2,49,0,,0.2011173184,1.920111732,45
6,2,49,1,0.5,0.2071156611,1.920711566,45
6,2,49,2,1,0.2187517809,1.946844308,42.19097289
6,2,49,3,1.449987072,0.2359655676,1.977781132,38.90423533
6,2,49,4,1.319969148,0.250894937,2.002027949,36.34442378
6,2,49,5,1.110566071,0.2625659982,2.018712694,34.59868942
6,2,49,6,0.9126208837,0.2712594095,2.027645774,33.69151882
6,2,50,0,,0.2011173184,1.920111732,45
6,2,50,1,0.5,0.2071156611,1.920711566,45
6,2,50,2,1,0.2187517809,1.946844308,42.19097289
6,2,50,3,1.449986972,0.2359655664,1.97778113,38.90423545
6,2,50,4,1.319969384,0.2508949388,2.002027951,36.34442352
6,2,50,5,1.110565091,0.2625659869,2.018712675,34.59869144
6,2,50,6,0.9126211055,0.2712594015,2.027645764,33.69151978
6,2,51,0,,0.2011173184,1.920111732,45
6,2,51,1,0.5,0.2071156611,1.920711566,45
6,2,51,2,1,0.2187517809,1.946844308,42.19097289
6,2,51,3,1.449987321,0.2359655706,1.977781135,38.90423503
6,2,51,4,1.319969726,0.2508949472,2.00202796,36.34442266
6,2,51,5,1.110566008,0.2625660072,2.018712702,34.59868864
6,2,51,6,0.9126207958,0.2712594171,2.027645777,33.69151848
6,2,52,0,,0.2011173184,1.920111732,45
6,2,52,1,0.5,0.2071156611,1.920711566,45
6,2,52,2,1,0.2187517809,1.946844308,42.19097289
6,2,52,3,1.449987082,0.2359655677,1.977781132,38.90423532
6,2,52,4,1.319969256,0.2508949385,2.002027951,36.3444236
6,2,52,5,1.110566028,0.2625659991,2.018712694,34.59868937
6,2,52,6,0.9126209124,0.2712594107,2.027645775,33.69151869
6,2,53,0,,0.2011173184,1.920111732,45
6,2,53,1,0.5,0.2071156611,1.920711566,45
6,2,53,2,1,0.2187517809,1.946844308,42.19097289
6,2,53,3,1.449986944,0.2359655661,1.97778113,38.90423548
6,2,53,4,1.319969563,0.2508949408,2.002027954,36.34442328
6,2,53,5,1.110566073,0.2625660018,2.018712698,34.59868899
6,2,53,6,0.9126208703,0.2712594129,2.027645777,33.69151852
6,2,54,0,,0.2011173184,1.920111732,45
6,2,54,1,0.5,0.2071156611,1.920711566,45
6,2,54,2,1,0.2187517809,1.946844308,42.19097289
6,2,54,3,1.449987128,0.2359655683,1.977781132,38.90423526
6,2,54,4,1.319969507,0.2508949422,2.002027955,36.34442318
6,2,54,5,1.110565081,0.2625659901,2.018712677,34.59869119
6,2,54,6,0.9126209347,0.2712594023,2.027645761,33.69152015
6,2,55,0,,0.2011173184,1.920111732,45
6,2,55,1,0.5,0.2071156611,1.920711566,45
6,2,55,2,1,0.2187517809,1.946844308,42.19097289
6,2,55,3,1.44998699,0.2359655666,1.977781131,38.90423543
6,2,55,4,1.319969648,0.2508949424,2.002027956,36.3444231
6,2,55,5,1.110565897,0.2625660011,2.018712696,34.59868925
6,2,55,6,0.9126207531,0.2712594106,2.027645771,33.69151914
6,2,56,0,,0.2011173184,1.920111732,45
6,2,56,1,0.5,0.2071156611,1.920711566,45
6,2,56,2,1,0.2187517809,1.946844308,42.19097289
6,2,56,3,1.449987006,0.2359655668,1.977781131,38.90423541
6,2,56,4,1.319969372,0.2508949391,2.002027952,36.3444235
6,2,56,5,1.110565877,0.2625659976,2.018712692,34.59868963
6,2,56,6,0.912620726,0.2712594069,2.027645767,33.69151955
6,2,57,0,,0.2011173184,1.920111732,45
6,2,57,1,0.5,0.2071156611,1.920711566,45
6,2,57,2,1,0.2187517809,1.946844308,42.19097289
6,2,57,3,1.449987095,0.2359655679,1.977781132,38.9042353
6,2,57,4,1.31996949,0.2508949416,2.002027954,36.34442324
6,2,57,5,1.110566065,0.2625660025,2.018712698,34.59868898
6,2,57,6,0.912620771,0.2712594123,2.027645774,33.69151885
6,2,58,0,,0.2011173184,1.920111732,45
6,2,58,1,0.5,0.2071156611,1.920711566,45
6,2,58,2,1,0.2187517809,1.946844308,42.19097289
6,2,58,3,1.449986635,0.2359655623,1.977781126,38.90423585
6,2,58,4,1.319969446,0.2508949357,2.002027949,36.34442376
6,2,58,5,1.110565981,0.2625659957,2.018712692,34.5986896
6,2,58,6,0.912620908,0.2712594074,2.027645773,33.69151889
6,2,59,0,,0.2011173184,1.920111732,45
6,2,59,1,0.5,0.2071156611,1.920711566,45
6,2,59,2,1,0.2187517809,1.946844308,42.19097289
6,2,59,3,1.449987328,0.2359655707,1.977781135,38.90423502
6,2,59,4,1.319969274,0.2508949416,2.002027953,36.34442334
6,2,59,5,1.110566136,0.2625660035,2.018712699,34.5986889
6,2,59,6,0.9126207308,0.2712594126,2.027645773,33.69151892
6,2,60,0,,0.2011173184,1.920111732,45
6,2,60,1,0.5,0.2071156611,1.920711566,45
6,2,60,2,1,0.2187517809,1.946844308,42.19097289
6,2,60,3,1.449986988,0.2359655666,1.977781131,38.90423543
6,2,60,4,1.319969466,0.2508949401,2.002027953,36.34442338
6,2,60,5,1.110566081,0.2625660012,2.018712697,34.59868906
6,2,60,6,0.9126206285,0.2712594092,2.027645768,33.69151941
6,2,61,0,,0.2011173184,1.920111732,45
6,2,61,1,0.5,0.2071156611,1.920711566,45
6,2,61,2,1,0.2187517809,1.946844308,42.19097289
6,2,61,3,1.449986949,0.2359655661,1.97778113,38.90423548
6,2,61,4,1.319969261,0.250894937,2.002027949,36.34442373
6,2,61,5,1.110565957,0.2625659967,2.018712692,34.59868963
6,2,61,6,0.9126206644,0.2712594052,2.027645765,33.69151976
6,3,42,0,,0.2011173184,1.920111732,45
6,3,42,1,0.5,0.2071156611,1.920711566,45
6,3,42,2,1,0.2187517809,1.946844308,42.19097289
6,3,42,3,1.494898509,0.2365006047,1.978292715,38.85270132
6,3,42,4,1.352472992,0.2518167967,2.002911969,36.25534249
6,3,42,5,1.114479022,0.2635085939,2.019536733,34.51658919
6,3,42,6,0.9002042453,0.2720147621,2.02794385,33.66648293
6,3,43,0,,0.2011173184,1.920111732,45
6,3,43,1,0.5,0.2071156611,1.920711566,45
6,3,43,2,1,0.2187517809,1.946844308,42.19097289
6,3,43,3,1.494898627,0.2365006061,1.978292717,38.85270119
6,3,43,4,1.352472972,0.2518167978,2.002911969,36.25534241
6,3,43,5,1.114479054,0.2635085954,2.019536735,34.51658906
6,3,43,6,0.9002040571,0.2720147611,2.027943845,33.66648348
6,3,44,0,,0.2011173184,1.920111732,45
6,3,44,1,0.5,0.2071156611,1.920711566,45
6,3,44,2,1,0.2187517809,1.946844308,42.19097289
6,3,44,3,1.49492034,0.2365008614,1.978292953,38.85267747
6,3,44,4,1.352471979,0.251817031,2.002912151,36.2553246
6,3,44,5,1.114475257,0.2635087704,2.019536804,34.5165832
6,3,44,6,0.9002007698,0.2720148889,2.027943796,33.66649048
6,3,45,0,,0.2011173184,1.920111732,45
6,3,45,1,0.5,0.2071156611,1.920711566,45
6,3,45,2,1,0.2187517809,1.946844308,42.19097289
6,3,45,3,1.494920195,0.2365008597,1.978292952,38.85267762
6,3,45,4,1.352472153,0.2518170315,2.002912152,36.25532449
6,3,45,5,1.114475169,0.2635087698,2.019536803,34.5165833
6,3,45,6,0.9002007423,0.272014888,2.027943794,33.66649066
6,3,46,0,,0.2011173184,1.920111732,45
6,3,46,1,0.5,0.2071156611,1.920711566,45
6,3,46,2,1,0.2187517809,1.946844308,42.19097289
6,3,46,3,1.494898563,0.2365006054,1.978292716,38.85270126
6,3,46,4,1.352472933,0.2518167966,2.002911968,36.25534253
6,3,46,5,1.11447898,0.2635085932,2.019536732,34.51658932
6,3,46,6,0.9002041761,0.2720147606,2.027943847,33.66648327
6,3,47,0,,0.2011173184,1.920111732,45
6,3,47,1,0.5,0.2071156611,1.920711566,45
6,3,47,2,1,0.2187517809,1.946844308,42.19097289
6,3,47,3,1.494898683,0.2365006068,1.978292717,38.85270113
6,3,47,4,1.352472853,0.251816797,2.002911968,36.25534253
6,3,47,5,1.114479108,0.2635085953,2.019536735,34.51658903
6,3,47,6,0.9002041251,0.2720147619,2.027943848,33.66648322
6,3,48,0,,0.2011173184,1.920111732,45
6,3,48,1,0.5,0.2071156611,1.920711566,45
6,3,48,2,1,0.2187517809,1.946844308,42.19097289
6,3,48,3,1.494898612,0.2365006059,1.978292717,38.85270121
6,3,48,4,1.352472866,0.2518167963,2.002911968,36.25534258
6,3,48,5,1.114479193,0.2635085958,2.019536736,34.51658888
6,3,48,6,0.9002041735,0.272014763,2.02794385,33.66648291
6,3,49,0,,0.2011173184,1.920111732,45
6,3,49,1,0.5,0.2071156611,1.920711566,45
6,3,49,2,1,0.2187517809,1.946844308,42.19097289
6,3,49,3,1.494898719,0.2365006072,1.978292718,38.85270109
6,3,49,4,1.352472856,0.2518167974,2.002911969,36.25534249
6,3,49,5,1.114478968,0.2635085939,2.019536732,34.51658932
6,3,49,6,0.9002046598,0.2720147674,2.027943863,33.66648158
6,3,50,0,,0.2011173184,1.920111732,45
6,3,50,1,0.5,0.2071156611,1.920711566,45
6,3,50,2,1,0.2187517809,1.946844308,42.19097289
6,3,50,3,1.49492015,0.2365008591,1.978292951,38.85267767
6,3,50,4,1.352471819,0.2518170268,2.002912147,36.25532499
6,3,50,5,1.11447528,0.2635087667,2.019536801,34.51658347
6,3,50,6,0.9002008143,0.2720148859,2.027943795,33.66649055
6,3,51,0,,0.2011173184,1.920111732,45
6,3,51,1,0.5,0.2071156611,1.920711566,45
6,3,51,2,1,0.2187517809,1.946844308,42.19097289
6,3,51,3,1.494898882,0.2365006091,1.978292719,38.85270092
6,3,51,4,1.352472921,0.2518168001,2.002911971,36.25534226
6,3,51,5,1.11447903,0.2635085972,2.019536735,34.51658899
6,3,51,6,0.9002040883,0.2720147633,2.027943847,33.66648331
6,3,52,0,,0.2011173184,1.920111732,45
6,3,52,1,0.5,0.2071156611,1.920711566,45
6,3,52,2,1,0.2187517809,1.946844308,42.19097289
6,3,52,3,1.494898418,0.2365006037,1.978292714,38.85270142
6,3,52,4,1.352473103,0.2518167971,2.002911969,36.25534241
6,3,52,5,1.114479001,0.263508594,2.019536733,34.51658917
6,3,52,6,0.9002042383,0.2720147621,2.02794385,33.66648294
6,3,53,0,,0.2011173184,1.920111732,45
6,3,53,1,0.5,0.2071156611,1.920711566,45
6,3,53,2,1,0.2187517809,1.946844308,42.19097289
6,3,53,3,1.494898766,0.2365006078,1.978292718,38.85270104
6,3,53,4,1.352472941,0.251816799,2.00291197,36.25534233
6,3,53,5,1.114478918,0.2635085947,2.019536732,34.5165893
6,3,53,6,0.900204298,0.2720147636,2.027943851,33.66648284
6,3,54,0,,0.2011173184,1.920111732,45
6,3,54,1,0.5,0.2071156611,1.920711566,45
6,3,54,2,1,0.2187517809,1.946844308,42.19097289
6,3,54,3,1.494898301,0.2365006023,1.978292713,38.85270155
6,3,54,4,1.352473311,0.2518167984,2.002911971,36.25534223
6,3,54,5,1.114479081,0.2635085963,2.019536737,34.51658884
6,3,54,6,0.9002041538,0.2720147632,2.02794385,33.66648295
6,3,55,0,,0.2011173184,1.920111732,45
6,3,55,1,0.5,0.2071156611,1.920711566,45
6,3,55,2,1,0.2187517809,1.946844308,42.19097289
6,3,55,3,1.494898687,0.2365006068,1.978292717,38.85270113
6,3,55,4,1.352473168,0.2518168009,2.002911973,36.25534209
6,3,55,5,1.114479056,0.2635085984,2.019536737,34.51658878
6,3,55,6,0.9002041564,0.2720147653,2.027943851,33.6664829
6,3,56,0,,0.2011173184,1.920111732,45
6,3,56,1,0.5,0.2071156611,1.920711566,45
6,3,56,2,1,0.2187517809,1.946844308,42.19097289
6,3,56,3,1.494920441,0.2365008626,1.978292954,38.85267735
6,3,56,4,1.352472133,0.251817034,2.002912154,36.2553243
6,3,56,5,1.114475226,0.2635087729,2.019536806,34.51658302
6,3,56,6,0.900200861,0.2720148926,2.0279438,33.66649001
6,3,57,0,,0.2011173184,1.920111732,45
6,3,57,1,0.5,0.2071156611,1.920711566,45
6,3,57,2,1,0.2187517809,1.946844308,42.19097289
6,3,57,3,1.494898529,0.236500605,1.978292716,38.8527013
6,3,57,4,1.352472965,0.2518167966,2.002911968,36.25534251
6,3,57,5,1.114479217,0.2635085964,2.019536737,34.51658877
6,3,57,6,0.9002041299,0.272014763,2.02794385,33.66648297
6,3,58,0,,0.2011173184,1.920111732,45
6,3,58,1,0.5,0.2071156611,1.920711566,45
6,3,58,2,1,0.2187517809,1.946844308,42.19097289
6,3,58,3,1.494898199,0.2365006011,1.978292712,38.85270166
6,3,58,4,1.352472918,0.2518167923,2.002911965,36.25534287
6,3,58,5,1.114479239,0.2635085925,2.019536735,34.51658901
6,3,58,6,0.9002042132,0.2720147603,2.02794385,33.66648288
6,3,59,0,,0.2011173184,1.920111732,45
6,3,59,1,0.5,0.2071156611,1.920711566,45
6,3,59,2,1,0.2187517809,1.946844308,42.19097289
6,3,59,3,1.494898419,0.2365006037,1.978292714,38.85270142
6,3,59,4,1.352473047,0.2518167964,2.002911969,36.25534249
6,3,59,5,1.114478873,0.2635085916,2.01953673,34.51658953
6,3,59,6,0.9002042718,0.2720147602,2.027943848,33.66648312
6,3,60,0,,0.2011173184,1.920111732,45
6,3,60,1,0.5,0.2071156611,1.920711566,45
6,3,60,2,1,0.2187517809,1.946844308,42.19097289
6,3,60,3,1.494898615,0.236500606,1.978292717,38.85270121
6,3,60,4,1.352464111,0.2518166876,2.002911848,36.25535485
6,3,60,5,1.11448032,0.2635085056,2.01953666,34.51659647
6,3,60,6,0.9002059634,0.2720146984,2.027943844,33.66648292
6,3,61,0,,0.2011173184,1.920111732,45
6,3,61,1,0.5,0.2071156611,1.920711566,45
6,3,61,2,1,0.2187517809,1.946844308,42.19097289
6,3,61,3,1.49489885,0.2365006087,1.978292719,38.85270095
6,3,61,4,1.352472965,0.2518168003,2.002911971,36.25534223
6,3,61,5,1.114478994,0.263508597,2.019536735,34.51658904
6,3,61,6,0.9002042461,0.2720147651,2.027943852,33.6664828
6,6,42,0,,0.2011173184,1.920111732,45
6,6,42,1,0.5,0.2071156611,1.920711566,45
6,6,42,2,1,0.2187517809,1.946844308,42.19097289
6,6,42,3,1.5,0.2365604882,1.978347991,38.84715653
6,6,42,4,1.364632048,0.2520250283,2.003122174,36.23403696
6,6,42,5,1.140129743,0.2640482737,2.020248264,34.44261338
6,6,42,6,0.9412885048,0.2730676195,2.029831971,33.46591394
6,6,43,0,,0.2011173184,1.920111732,45
6,6,43,1,0.5,0.2071156611,1.920711566,45
6,6,43,2,1,0.2187517809,1.946844308,42.19097289
6,6,43,3,1.5,0.2365604882,1.978347991,38.84715653
6,6,43,4,1.364631639,0.2520250232,2.003122169,36.23403751
6,6,43,5,1.140098013,0.2640478512,2.020247615,34.44268169
6,6,43,6,0.9412969626,0.2730673194,2.02983167,33.46594442
6,6,44,0,,0.2011173184,1.920111732,45
6,6,44,1,0.5,0.2071156611,1.920711566,45
6,6,44,2,1,0.2187517809,1.946844308,42.19097289
6,6,44,3,1.5,0.2365604882,1.978347991,38.84715653
6,6,44,4,1.364631958,0.2520250272,2.003122173,36.23403708
6,6,44,5,1.140097812,0.2640478523,2.020247614,34.44268176
6,6,44,6,0.9412838304,0.2730671503,2.029831278,33.46598672
6,6,45,0,,0.2011173184,1.920111732,45
6,6,45,1,0.5,0.2071156611,1.920711566,45
6,6,45,2,1,0.2187517809,1.946844308,42.19097289
6,6,45,3,1.5,0.2365604882,1.978347991,38.84715653
6,6,45,4,1.364631639,0.2520250232,2.003122169,36.23403751
6,6,45,5,1.140095717,0.2640478209,2.020247568,34.4426866
6,6,45,6,0.9412974928,0.2730672969,2.029831646,33.46594686
6,6,46,0,,0.2011173184,1.920111732,45
6,6,46,1,0.5,0.2071156611,1.920711566,45
6,6,46,2,1,0.2187517809,1.946844308,42.19097289
6,6,46,3,1.5,0.2365604882,1.978347991,38.84715653
6,6,46,4,1.364631925,0.2520250268,2.003122173,36.23403712
6,6,46,5,1.140097761,0.2640478512,2.020247613,34.44268191
6,6,46,6,0.9412970076,0.27306732,2.02983167,33.46594447
6,6,47,0,,0.2011173184,1.920111732,45
6,6,47,1,0.5,0.2071156611,1.920711566,45
6,6,47,2,1,0.2187517809,1.946844308,42.19097289
6,6,47,3,1.5,0.2365604882,1.978347991,38.84715653
6,6,47,4,1.364631584,0.2520250226,2.003122168,36.23403759
6,6,47,5,1.140098045,0.2640478509,2.020247615,34.44268168
6,6,47,6,0.9412969396,0.2730673188,2.02983167,33.46594449
6,6,48,0,,0.2011173184,1.920111732,45
6,6,48,1,0.5,0.2071156611,1.920711566,45
6,6,48,2,1,0.2187517809,1.946844308,42.19097289
6,6,48,3,1.500000004,0.2365604882,1.978347991,38.84715652
6,6,48,4,1.364630188,0.2520250054,2.003122149,36.23403949
6,6,48,5,1.140098789,0.2640478441,2.020247614,34.44268167
6,6,48,6,0.9412971055,0.2730673144,2.029831674,33.46594392
6,6,49,0,,0.2011173184,1.920111732,45
6,6,49,1,0.5,0.2071156611,1.920711566,45
6,6,49,2,1,0.2187517809,1.946844308,42.19097289
6,6,49,3,1.5,0.2365604882,1.978347991,38.84715653
6,6,49,4,1.364631522,0.2520250218,2.003122167,36.23403767
6,6,49,5,1.140097869,0.2640478479,2.02024761,34.44268213
6,6,49,6,0.9412968689,0.273067315,2.029831664,33.46594509
6,6,50,0,,0.2011173184,1.920111732,45
6,6,50,1,0.5,0.2071156611,1.920711566,45
6,6,50,2,1,0.2187517809,1.946844308,42.19097289
6,6,50,3,1.5,0.2365604882,1.978347991,38.84715653
6,6,50,4,1.364631749,0.2520250246,2.00312217,36.23403737
6,6,50,5,1.140098027,0.2640478526,2.020247616,34.44268154
6,6,50,6,0.9412967469,0.273067318,2.029831665,33.46594499
6,6,51,0,,0.2011173184,1.920111732,45
6,6,51,1,0.5,0.2071156611,1.920711566,45
6,6,51,2,1,0.2187517809,1.946844308,42.19097289
6,6,51,3,1.5,0.2365604882,1.978347991,38.84715653
6,6,51,4,1.364631705,0.2520250241,2.00312217,36.23403742
6,6,51,5,1.140098288,0.2640478556,2.020247621,34.44268103
6,6,51,6,0.9412967625,0.2730673211,2.02983167,33.46594451
6,6,52,0,,0.2011173184,1.920111732,45
6,6,52,1,0.5,0.2071156611,1.920711566,45
6,6,52,2,1,0.2187517809,1.946844308,42.19097289
6,6,52,3,1.5,0.2365604882,1.978347991,38.84715653
6,6,52,4,1.364631613,0.2520250229,2.003122169,36.23403755
6,6,52,5,1.14009792,0.2640478496,2.020247612,34.44268192
6,6,52,6,0.9412970533,0.2730673191,2.029831671,33.46594432
6,6,53,0,,0.2011173184,1.920111732,45
6,6,53,1,0.5,0.2071156611,1.920711566,45
6,6,53,2,1,0.2187517809,1.946844308,42.19097289
6,6,53,3,1.5,0.2365604882,1.978347991,38.84715653
6,6,53,4,1.364631812,0.2520250254,2.003122171,36.23403728
6,6,53,5,1.140097828,0.2640478508,2.020247613,34.44268189
6,6,53,6,0.9412975515,0.2730673266,2.029831686,33.4659427
6,6,54,0,,0.2011173184,1.920111732,45
6,6,54,1,0.5,0.2071156611,1.920711566,45
6,6,54,2,1,0.2187517809,1.946844308,42.19097289
6,6,54,3,1.5,0.2365604882,1.978347991,38.84715653
6,6,54,4,1.364631642,0.2520250233,2.003122169,36.23403751
6,6,54,5,1.140098008,0.2640478511,2.020247614,34.4426817
6,6,54,6,0.9412968283,0.2730673176,2.029831666,33.46594486
6,6,55,0,,0.2011173184,1.920111732,45
6,6,55,1,0.5,0.2071156611,1.920711566,45
6,6,55,2,1,0.2187517809,1.946844308,42.19097289
6,6,55,3,1.5,0.2365604882,1.978347991,38.84715653
6,6,55,4,1.364631728,0.2520250243,2.00312217,36.23403739
6,6,55,5,1.140097978,0.2640478517,2.020247615,34.44268167
6,6,55,6,0.9412968435,0.2730673184,2.029831667,33.46594479
6,6,56,0,,0.2011173184,1.920111732,45
6,6,56,1,0.5,0.2071156611,1.920711566,45
6,6,56,2,1,0.2187517809,1.946844308,42.19097289
6,6,56,3,1.5,0.2365604882,1.978347991,38.84715653
6,6,56,4,1.364631732,0.2520250244,2.00312217,36.23403739
6,6,56,5,1.140097917,0.264047851,2.020247614,34.44268179
6,6,56,6,0.9412969399,0.2730673189,2.029831669,33.46594458
6,6,57,0,,0.2011173184,1.920111732,45
6,6,57,1,0.5,0.2071156611,1.920711566,45
6,6,57,2,1,0.2187517809,1.946844308,42.19097289
6,6,57,3,1.5,0.2365604882,1.978347991,38.84715653
6,6,57,4,1.364631758,0.2520250247,2.00312217,36.23403735
6,6,57,5,1.140097938,0.2640478516,2.020247614,34.44268172
6,6,57,6,0.9412967053,0.2730673165,2.029831663,33.46594527
6,6,58,0,,0.2011173184,1.920111732,45
6,6,58,1,0.5,0.2071156611,1.920711566,45
6,6,58,2,1,0.2187517809,1.946844308,42.19097289
6,6,58,3,1.5,0.2365604882,1.978347991,38.84715653
6,6,58,4,1.36463179,0.2520250251,2.003122171,36.23403731
6,6,58,5,1.140097881,0.2640478512,2.020247614,34.44268181
6,6,58,6,0.9412964278,0.2730673125,2.029831654,33.46594624
6,6,59,0,,0.2011173184,1.920111732,45
6,6,59,1,0.5,0.2071156611,1.920711566,45
6,6,59,2,1,0.2187517809,1.946844308,42.19097289
6,6,59,3,1.5,0.2365604882,1.978347991,38.84715653
6,6,59,4,1.36463175,0.2520250246,2.00312217,36.23403736
6,6,59,5,1.140098221,0.2640478552,2.02024762,34.44268112
6,6,59,6,0.9412967692,0.2730673208,2.029831669,33.46594456
6,6,60,0,,0.2011173184,1.920111732,45
6,6,60,1,0.5,0.2071156611,1.920711566,45
6,6,60,2,1,0.2187517809,1.946844308,42.19097289
6,6,60,3,1.5,0.2365604882,1.978347991,38.84715653
6,6,60,4,1.364631972,0.2520250274,2.003122173,36.23403706
6,6,60,5,1.1400977,0.264047851,2.020247612,34.44268199
6,6,60,6,0.9412968231,0.2730673174,2.029831664,33.46594513
6,6,61,0,,0.2011173184,1.920111732,45
6,6,61,1,0.5,0.2071156611,1.920711566,45
6,6,61,2,1,0.2187517809,1.946844308,42.19097289
6,6,61,3,1.5,0.2365604882,1.978347991,38.84715653
6,6,61,4,1.36463182,0.2520250255,2.003122171,36.23403727
6,6,61,5,1.140097738,0.2640478497,2.020247611,34.44268208
6,6,61,6,0.9412970223,0.2730673187,2.029831669,33.46594456
8,1,42,0,,0.2011173184,1.920111732,45
8,1,42,1,0,0.2070057453,1.920700575,45
8,1,42,2,0,0.2127364463,1.921273645,45
8,1,42,3,0,0.2183152447,1.921831524,45
8,1,42,4,0,0.2237476823,1.922374768,45
8,1,42,5,0,0.2290390363,1.922903904,45
8,1,42,6,0,0.2341943346,1.923419433,45
8,1,43,0,,0.2011173184,1.920111732,45
8,1,43,1,0,0.2070057453,1.920700575,45
8,1,43,2,0,0.2127364463,1.921273645,45
8,1,43,3,0,0.2183152447,1.921831524,45
8,1,43,4,0,0.2237476823,1.922374768,45
8,1,43,5,0,0.2290390363,1.922903904,45
8,1,43,6,0,0.2341943346,1.923419433,45
8,1,44,0,,0.2011173184,1.920111732,45
8,1,44,1,0,0.2070057453,1.920700575,45
8,1,44,2,0,0.2127364463,1.921273645,45
8,1,44,3,0,0.2183152447,1.921831524,45
8,1,44,4,0,0.2237476823,1.922374768,45
8,1,44,5,0,0.2290390363,1.922903904,45
8,1,44,6,0,0.2341943346,1.923419433,45
8,1,45,0,,0.2011173184,1.920111732,45
8,1,45,1,0,0.2070057453,1.920700575,45
8,1,45,2,0,0.2127364463,1.921273645,45
8,1,45,3,0,0.2183152447,1.921831524,45
8,1,45,4,0,0.2237476823,1.922374768,45
8,1,45,5,0,0.2290390363,1.922903904,45
8,1,45,6,0,0.2341943346,1.923419433,45
8,1,46,0,,0.2011173184,1.920111732,45
8,1,46,1,0,0.2070057453,1.920700575,45
8,1,46,2,0,0.2127364463,1.921273645,45
8,1,46,3,0,0.2183152447,1.921831524,45
8,1,46,4,0,0.2237476823,1.922374768,45
8,1,46,5,0,0.2290390363,1.922903904,45
8,1,46,6,0,0.2341943346,1.923419433,45
8,1,47,0,,0.2011173184,1.920111732,45
8,1,47,1,0,0.2070057453,1.920700575,45
8,1,47,2,0,0.2127364463,1.921273645,45
8,1,47,3,0,0.2183152447,1.921831524,45
8,1,47,4,0,0.2237476823,1.922374768,45
8,1,47,5,0,0.2290390363,1.922903904,45
8,1,47,6,0,0.2341943346,1.923419433,45
8,1,48,0,,0.2011173184,1.920111732,45
8,1,48,1,0,0.2070057453,1.920700575,45
8,1,48,2,0,0.2127364463,1.921273645,45
8,1,48,3,0,0.2183152447,1.921831524,45
8,1,48,4,0,0.2237476823,1.922374768,45
8,1,48,5,0,0.2290390363,1.922903904,45
8,1,48,6,0,0.2341943346,1.923419433,45
8,1,49,0,,0.2011173184,1.920111732,45
8,1,49,1,0,0.2070057453,1.920700575,45
8,1,49,2,0,0.2127364463,1.921273645,45
8,1,49,3,0,0.2183152447,1.921831524,45
8,1,49,4,0,0.2237476823,1.922374768,45
8,1,49,5,0,0.2290390363,1.922903904,45
8,1,49,6,0,0.2341943346,1.923419433,45
8,1,50,0,,0.2011173184,1.920111732,45
8,1,50,1,0,0.2070057453,1.920700575,45
8,1,50,2,0,0.2127364463,1.921273645,45
8,1,50,3,0,0.2183152447,1.921831524,45
8,1,50,4,0,0.2237476823,1.922374768,45
8,1,50,5,0,0.2290390363,1.922903904,45
8,1,50,6,0,0.2341943346,1.923419433,45
8,1,51,0,,0.2011173184,1.920111732,45
8,1,51,1,0,0.2070057453,1.920700575,45
8,1,51,2,0,0.2127364463,1.921273645,45
8,1,51,3,0,0.2183152447,1.921831524,45
8,1,51,4,0,0.2237476823,1.922374768,45
8,1,51,5,0,0.2290390363,1.922903904,45
8,1,51,6,0,0.2341943346,1.923419433,45
8,1,52,0,,0.2011173184,1.920111732,45
8,1,52,1,0,0.2070057453,1.920700575,45
8,1,52,2,0,0.2127364463,1.921273645,45
8,1,52,3,0,0.2183152447,1.921831524,45
8,1,52,4,0,0.2237476823,1.922374768,45
8,1,52,5,0,0.2290390363,1.922903904,45
8,1,52,6,0,0.2341943346,1.923419433,45
8,1,53,0,,0.2011173184,1.920111732,45
8,1,53,1,0,0.2070057453,1.920700575,45
8,1,53,2,0,0.2127364463,1.921273645,45
8,1,53,3,0,0.2183152447,1.921831524,45
8,1,53,4,0,0.2237476823,1.922374768,45
8,1,53,5,0,0.2290390363,1.922903904,45
8,1,53,6,0,0.2341943346,1.923419433,45
8,1,54,0,,0.2011173184,1.920111732,45
8,1,54,1,0,0.2070057453,1.920700575,45
8,1,54,2,0,0.2127364463,1.921273645,45
8,1,54,3,0,0.2183152447,1.921831524,45
8,1,54,4,0,0.2237476823,1.922374768,45
8,1,54,5,0,0.2290390363,1.922903904,45
8,1,54,6,0,0.2341943346,1.923419433,45
8,1,55,0,,0.2011173184,1.920111732,45
8,1,55,1,0,0.2070057453,1.920700575,45
8,1,55,2,0,0.2127364463,1.921273645,45
8,1,55,3,0,0.2183152447,1.921831524,45
8,1,55,4,0,0.2237476823,1.922374768,45
8,1,55,5,0,0.2290390363,1.922903904,45
8,1,55,6,0,0.2341943346,1.923419433,45
8,1,56,0,,0.2011173184,1.920111732,45
8,1,56,1,0,0.2070057453,1.920700575,45
8,1,56,2,0,0.2127364463,1.921273645,45
8,1,56,3,0,0.2183152447,1.921831524,45
8,1,56,4,0,0.2237476823,1.922374768,45
8,1,56,5,0,0.2290390363,1.922903904,45
8,1,56,6,0,0.2341943346,1.923419433,45
8,1,57,0,,0.2011173184,1.920111732,45
8,1,57,1,0,0.2070057453,1.920700575,45
8,1,57,2,0,0.2127364463,1.921273645,45
8,1,57,3,0,0.2183152447,1.921831524,45
8,1,57,4,0,0.2237476823,1.922374768,45
8,1,57,5,0,0.2290390363,1.922903904,45
8,1,57,6,0,0.2341943346,1.923419433,45
8,1,58,0,,0.2011173184,1.920111732,45
8,1,58,1,0,0.2070057453,1.920700575,45
8,1,58,2,0,0.2127364463,1.921273645,45
8,1,58,3,0,0.2183152447,1.921831524,45
8,1,58,4,0,0.2237476823,1.922374768,45
8,1,58,5,0,0.2290390363,1.922903904,45
8,1,58,6,0,0.2341943346,1.923419433,45
8,1,59,0,,0.2011173184,1.920111732,45
8,1,59,1,0,0.2070057453,1.920700575,45
8,1,59,2,0,0.2127364463,1.921273645,45
8,1,59,3,0,0.2183152447,1.921831524,45
8,1,59,4,0,0.2237476823,1.922374768,45
8,1,59,5,0,0.2290390363,1.922903904,45
8,1,59,6,0,0.2341943346,1.923419433,45
8,1,60,0,,0.2011173184,1.920111732,45
8,1,60,1,0,0.2070057453,1.920700575,45
8,1,60,2,0,0.2127364463,1.921273645,45
8,1,60,3,0,0.2183152447,1.921831524,45
8,1,60,4,0,0.2237476823,1.922374768,45
8,1,60,5,0,0.2290390363,1.922903904,45
8,1,60,6,0,0.2341943346,1.923419433,45
8,1,61,0,,0.2011173184,1.920111732,45
8,1,61,1,0,0.2070057453,1.920700575,45
8,1,61,2,0,0.2127364463,1.921273645,45
8,1,61,3,0,0.2183152447,1.921831524,45
8,1,61,4,0,0.2237476823,1.922374768,45
8,1,61,5,0,0.2290390363,1.922903904,45
8,1,61,6,0,0.2341943346,1.923419433,45
8,2,42,0,,0.2011173184,1.920111732,45
8,2,42,1,0.5,0.2071156611,1.920711566,45
8,2,42,2,1,0.2187517809,1.946844308,42.19097289
8,2,42,3,1.24919825,0.2334133826,1.97484199,39.20617663
8,2,42,4,1.116337251,0.2457590612,1.995860443,36.98048957
8,2,42,5,0.9628060623,0.2556241764,2.009743367,35.52964315
8,2,42,6,0.8214442768,0.263366288,2.016774608,34.82572731
8,2,43,0,,0.2011173184,1.920111732,45
8,2,43,1,0.5,0.2071156611,1.920711566,45
8,2,43,2,1,0.2187517809,1.946844308,42.19097289
8,2,43,3,1.249198206,0.233413382,1.97484199,39.20617671
8,2,43,4,1.116336976,0.2457590569,1.995860436,36.98049029
8,2,43,5,0.9628059431,0.2556241707,2.009743358,35.52964414
8,2,43,6,0.8214442972,0.2633662827,2.016774601,34.82572806
8,2,44,0,,0.2011173184,1.920111732,45
8,2,44,1,0.5,0.2071156611,1.920711566,45
8,2,44,2,1,0.2187517809,1.946844308,42.19097289
8,2,44,3,1.24919839,0.2334133845,1.974841993,39.20617637
8,2,44,4,1.116336978,0.2457590593,1.995860439,36.98049
8,2,44,5,0.962805938,0.2556241729,2.00974336,35.52964391
8,2,44,6,0.821444336,0.2633662853,2.016774604,34.82572771
8,2,45,0,,0.2011173184,1.920111732,45
8,2,45,1,0.5,0.2071156611,1.920711566,45
8,2,45,2,1,0.2187517809,1.946844308,42.19097289
8,2,45,3,1.249198749,0.2334133893,1.974841999,39.20617571
8,2,45,4,1.116337136,0.2457590661,1.995860448,36.98048908
8,2,45,5,0.9628058893,0.2556241788,2.009743366,35.52964329
8,2,45,6,0.8214440661,0.2633662877,2.016774599,34.82572833
8,2,46,0,,0.2011173184,1.920111732,45
8,2,46,1,0.5,0.2071156611,1.920711566,45
8,2,46,2,1,0.2187517809,1.946844308,42.19097289
8,2,46,3,1.249198725,0.2334133889,1.974841999,39.20617575
8,2,46,4,1.116337223,0.2457590669,1.99586045,36.98048891
8,2,46,5,0.9628058453,0.2556241791,2.009743366,35.52964329
8,2,46,6,0.8214440431,0.2633662877,2.016774598,34.82572843
8,2,47,0,,0.2011173184,1.920111732,45
8,2,47,1,0.5,0.2071156611,1.920711566,45
8,2,47,2,1,0.2187517809,1.946844308,42.19097289
8,2,47,3,1.249198545,0.2334133866,1.974841996,39.20617609
8,2,47,4,1.116337386,0.2457590668,1.995860451,36.9804888
8,2,47,5,0.962806613,0.2556241892,2.00974339,35.52964075
8,2,47,6,0.8214439934,0.2633662969,2.016774617,34.82572647
8,2,48,0,,0.2011173184,1.920111732,45
8,2,48,1,0.5,0.2071156611,1.920711566,45
8,2,48,2,1,0.2187517809,1.946844308,42.19097289
8,2,48,3,1.249198504,0.233413386,1.974841995,39.20617616
8,2,48,4,1.116337177,0.2457590635,1.995860445,36.98048936
8,2,48,5,0.9628055711,0.255624172,2.009743355,35.52964454
8,2,48,6,0.8214441544,0.2633662823,2.016774593,34.82572902
8,2,49,0,,0.2011173184,1.920111732,45
8,2,49,1,0.5,0.2071156611,1.920711566,45
8,2,49,2,1,0.2187517809,1.946844308,42.19097289
8,2,49,3,1.249198648,0.2334133879,1.974841998,39.20617589
8,2,49,4,1.116337209,0.2457590657,1.995860448,36.98048906
8,2,49,5,0.9628060341,0.2556241804,2.009743371,35.52964282
8,2,49,6,0.8214439069,0.2633662874,2.016774597,34.8257286
8,2,50,0,,0.2011173184,1.920111732,45
8,2,50,1,0.5,0.2071156611,1.920711566,45
8,2,50,2,1,0.2187517809,1.946844308,42.19097289
8,2,50,3,1.24919877,0.2334133895,1.974842,39.20617567
8,2,50,4,1.116337143,0.2457590664,1.995860449,36.98048903
8,2,50,5,0.9628061288,0.2556241823,2.009743374,35.52964249
8,2,50,6,0.8214441027,0.2633662916,2.016774607,34.82572749
8,2,51,0,,0.2011173184,1.920111732,45
8,2,51,1,0.5,0.2071156611,1.920711566,45
8,2,51,2,1,0.2187517809,1.946844308,42.19097289
8,2,51,3,1.249198684,0.2334133884,1.974841998,39.20617583
8,2,51,4,1.116337137,0.2457590652,1.995860447,36.98048917
8,2,51,5,0.9628059905,0.2556241793,2.009743369,35.52964305
8,2,51,6,0.8214440204,0.2633662877,2.016774599,34.82572832
8,2,52,0,,0.2011173184,1.920111732,45
8,2,52,1,0.5,0.2071156611,1.920711566,45
8,2,52,2,1,0.2187517809,1.946844308,42.19097289
8,2,52,3,1.249198462,0.2334133854,1.974841994,39.20617624
8,2,52,4,1.116337284,0.2457590644,1.995860447,36.98048917
8,2,52,5,0.9628058437,0.2556241765,2.009743364,35.52964351
8,2,52,6,0.8214441486,0.2633662866,2.016774601,34.82572817
8,2,53,0,,0.2011173184,1.920111732,45
8,2,53,1,0.5,0.2071156611,1.920711566,45
8,2,53,2,1,0.2187517809,1.946844308,42.19097289
8,2,53,3,1.249198521,0.2334133862,1.974841995,39.20617613
8,2,53,4,1.116337197,0.245759064,1.995860446,36.98048928
8,2,53,5,0.9628057778,0.2556241753,2.009743361,35.52964382
8,2,53,6,0.8214441649,0.2633662855,2.016774599,34.82572836
8,2,54,0,,0.2011173184,1.920111732,45
8,2,54,1,0.5,0.2071156611,1.920711566,45
8,2,54,2,1,0.2187517809,1.946844308,42.19097289
8,2,54,3,1.249198854,0.2334133907,1.974842001,39.20617551
8,2,54,4,1.11633707,0.2457590665,1.995860448,36.98048907
8,2,54,5,0.9628058447,0.2556241786,2.009743365,35.52964343
8,2,54,6,0.8214440727,0.2633662877,2.016774598,34.82572842
8,2,55,0,,0.2011173184,1.920111732,45
8,2,55,1,0.5,0.2071156611,1.920711566,45
8,2,55,2,1,0.2187517809,1.946844308,42.19097289
8,2,55,3,1.249198708,0.2334133887,1.974841999,39.20617579
8,2,55,4,1.116336884,0.2457590621,1.995860442,36.98048973
8,2,55,5,0.9628058353,0.2556241743,2.009743359,35.52964402
8,2,55,6,0.8214441586,0.2633662845,2.016774597,34.82572856
8,2,56,0,,0.2011173184,1.920111732,45
8,2,56,1,0.5,0.2071156611,1.920711566,45
8,2,56,2,1,0.2187517809,1.946844308,42.19097289
8,2,56,3,1.24919866,0.2334133881,1.974841998,39.20617587
8,2,56,4,1.116336991,0.245759063,1.995860444,36.98048956
8,2,56,5,0.9628059251,0.2556241763,2.009743364,35.52964358
8,2,56,6,0.8214444209,0.2633662897,2.016774611,34.82572707
8,2,57,0,,0.2011173184,1.920111732,45
8,2,57,1,0.5,0.2071156611,1.920711566,45
8,2,57,2,1,0.2187517809,1.946844308,42.19097289
8,2,57,3,1.249198493,0.2334133859,1.974841995,39.20617618
8,2,57,4,1.116337081,0.245759062,1.995860443,36.9804896
8,2,57,5,0.962805786,0.2556241735,2.009743359,35.52964406
8,2,57,6,0.8214442003,0.2633662843,2.016774598,34.82572841
8,2,58,0,,0.2011173184,1.920111732,45
8,2,58,1,0.5,0.2071156611,1.920711566,45
8,2,58,2,1,0.2187517809,1.946844308,42.19097289
8,2,58,3,1.249198579,0.233413387,1.974841996,39.20617602
8,2,58,4,1.116337097,0.2457590633,1.995860445,36.98048943
8,2,58,5,0.9628120011,0.2556242577,2.009743545,35.52962412
8,2,58,6,0.8214431071,0.2633663525,2.016774715,34.825716
8,2,59,0,,0.2011173184,1.920111732,45
8,2,59,1,0.5,0.2071156611,1.920711566,45
8,2,59,2,1,0.2187517809,1.946844308,42.19097289
8,2,59,3,1.249198415,0.2334133848,1.974841993,39.20617633
8,2,59,4,1.1163371,0.2457590613,1.995860442,36.98048968
8,2,59,5,0.9628058352,0.2556241734,2.00974336,35.52964397
8,2,59,6,0.8214441384,0.2633662834,2.016774596,34.82572859
8,2,60,0,,0.2011173184,1.920111732,45
8,2,60,1,0.5,0.2071156611,1.920711566,45
8,2,60,2,1,0.2187517809,1.946844308,42.19097289
8,2,60,3,1.249198554,0.2334133867,1.974841996,39.20617607
8,2,60,4,1.116337114,0.2457590633,1.995860445,36.98048943
8,2,60,5,0.9628058964,0.2556241762,2.009743364,35.52964356
8,2,60,6,0.8214441346,0.263366286,2.0167746,34.82572827
8,2,61,0,,0.2011173184,1.920111732,45
8,2,61,1,0.5,0.2071156611,1.920711566,45
8,2,61,2,1,0.2187517809,1.946844308,42.19097289
8,2,61,3,1.24919884,0.2334133905,1.974842001,39.20617554
8,2,61,4,1.116337295,0.2457590694,1.995860453,36.98048856
8,2,61,5,0.9628057242,0.2556241798,2.009743366,35.52964338
8,2,61,6,0.8214442883,0.2633662915,2.016774607,34.82572747
8,3,42,0,,0.2011173184,1.920111732,45
8,3,42,1,0.5,0.2071156611,1.920711566,45
8,3,42,2,1,0.2187517809,1.946844308,42.19097289
8,3,42,3,1.274518554,0.2337482754,1.975280533,39.16060808
8,3,42,4,1.128304912,0.2462441827,1.99649328,36.91475304
8,3,42,5,0.9628131519,0.2560941678,2.010280752,35.47447482
8,3,42,6,0.815533205,0.263749998,2.017003059,34.80434336
8,3,43,0,,0.2011173184,1.920111732,45
8,3,43,1,0.5,0.2071156611,1.920711566,45
8,3,43,2,1,0.2187517809,1.946844308,42.19097289
8,3,43,3,1.274517308,0.233748259,1.975280512,39.16061026
8,3,43,4,1.128304916,0.2462441669,1.996493263,36.91475484
8,3,43,5,0.962812075,0.2560941382,2.010280705,35.47447975
8,3,43,6,0.8155337923,0.2637499764,2.017003042,34.80434504
8,3,44,0,,0.2011173184,1.920111732,45
8,3,44,1,0.5,0.2071156611,1.920711566,45
8,3,44,2,1,0.2187517809,1.946844308,42.19097289
8,3,44,3,1.274517104,0.2337482563,1.975280509,39.16061062
8,3,44,4,1.12830487,0.2462441637,1.996493259,36.91475525
8,3,44,5,0.9628134723,0.2560941537,2.010280743,35.47447564
8,3,44,6,0.8155302488,0.2637499479,2.017002935,34.80435671
8,3,45,0,,0.2011173184,1.920111732,45
8,3,45,1,0.5,0.2071156611,1.920711566,45
8,3,45,2,1,0.2187517809,1.946844308,42.19097289
8,3,45,3,1.274516992,0.2337482548,1.975280507,39.16061081
8,3,45,4,1.128305182,0.2462441665,1.996493264,36.91475469
8,3,45,5,0.9628132855,0.2560941539,2.010280742,35.47447577
8,3,45,6,0.8155302739,0.2637499484,2.017002935,34.80435671
8,3,46,0,,0.2011173184,1.920111732,45
8,3,46,1,0.5,0.2071156611,1.920711566,45
8,3,46,2,1,0.2187517809,1.946844308,42.19097289
8,3,46,3,1.274517071,0.2337482559,1.975280508,39.16061068
8,3,46,4,1.128303534,0.2462441452,1.996493229,36.91475836
8,3,46,5,0.9628136877,0.2560941387,2.010280724,35.47447758
8,3,46,6,0.8155335509,0.2637499739,2.017003049,34.8043442
8,3,47,0,,0.2011173184,1.920111732,45
8,3,47,1,0.5,0.2071156611,1.920711566,45
8,3,47,2,1,0.2187517809,1.946844308,42.19097289
8,3,47,3,1.274517379,0.2337482599,1.975280514,39.16061014
8,3,47,4,1.128305223,0.2462441719,1.99649327,36.91475404
8,3,47,5,0.9628129858,0.2560941552,2.010280738,35.47447618
8,3,47,6,0.8155332356,0.2637499861,2.017003049,34.80434437
8,3,48,0,,0.2011173184,1.920111732,45
8,3,48,1,0.5,0.2071156611,1.920711566,45
8,3,48,2,1,0.2187517809,1.946844308,42.19097289
8,3,48,3,1.274517188,0.2337482574,1.97528051,39.16061047
8,3,48,4,1.128305049,0.2462441672,1.996493264,36.91475471
8,3,48,5,0.9628134045,0.2560941562,2.010280745,35.47447541
8,3,48,6,0.815533511,0.2637499904,2.017003065,34.80434253
8,3,49,0,,0.2011173184,1.920111732,45
8,3,49,1,0.5,0.2071156611,1.920711566,45
8,3,49,2,1,0.2187517809,1.946844308,42.19097289
8,3,49,3,1.274517449,0.2337482608,1.975280515,39.16061001
8,3,49,4,1.12830513,0.2462441716,1.996493269,36.91475415
8,3,49,5,0.9628132986,0.256094159,2.010280747,35.47447527
8,3,49,6,0.8155301586,0.263749952,2.017002935,34.80435679
8,3,50,0,,0.2011173184,1.920111732,45
8,3,50,1,0.5,0.2071156611,1.920711566,45
8,3,50,2,1,0.2187517809,1.946844308,42.19097289
8,3,50,3,1.274518548,0.2337482753,1.975280533,39.16060809
8,3,50,4,1.128304813,0.2462441813,1.996493278,36.91475328
8,3,50,5,0.9628117744,0.2560941481,2.010280709,35.4744794
8,3,50,6,0.8155334701,0.2637499821,2.017003033,34.80434614
8,3,51,0,,0.2011173184,1.920111732,45
8,3,51,1,0.5,0.2071156611,1.920711566,45
8,3,51,2,1,0.2187517809,1.946844308,42.19097289
8,3,51,3,1.274517124,0.2337482566,1.975280509,39.16061058
8,3,51,4,1.128310682,0.2462442424,1.996493385,36.91474188
8,3,51,5,0.9628124073,0.2560942158,2.010280819,35.47446775
8,3,51,6,0.8155328818,0.2637500406,2.017003104,34.80433875
8,3,52,0,,0.2011173184,1.920111732,45
8,3,52,1,0.5,0.2071156611,1.920711566,45
8,3,52,2,1,0.2187517809,1.946844308,42.19097289
8,3,52,3,1.274517447,0.2337482608,1.975280515,39.16061002
8,3,52,4,1.128305167,0.246244172,1.99649327,36.91475407
8,3,52,5,0.9628125605,0.2560941497,2.010280726,35.47447755
8,3,52,6,0.8155300863,0.263749942,2.017002914,34.80435905
8,3,53,0,,0.2011173184,1.920111732,45
8,3,53,1,0.5,0.2071156611,1.920711566,45
8,3,53,2,1,0.2187517809,1.946844308,42.19097289
8,3,53,3,1.274517426,0.2337482605,1.975280514,39.16061005
8,3,53,4,1.128305063,0.2462441704,1.996493267,36.91475433
8,3,53,5,0.9628124131,0.2560941461,2.010280719,35.47447825
8,3,53,6,0.8155336059,0.2637499818,2.017003047,34.80434456
8,3,54,0,,0.2011173184,1.920111732,45
8,3,54,1,0.5,0.2071156611,1.920711566,45
8,3,54,2,1,0.2187517809,1.946844308,42.19097289
8,3,54,3,1.274519538,0.2337482883,1.97528055,39.16060636
8,3,54,4,1.128304867,0.2462441946,1.996493293,36.91475171
8,3,54,5,0.9628117115,0.2560941601,2.01028072,35.4744783
8,3,54,6,0.8155297554,0.2637499481,2.017002896,34.80436113
8,3,55,0,,0.2011173184,1.920111732,45
8,3,55,1,0.5,0.2071156611,1.920711566,45
8,3,55,2,1,0.2187517809,1.946844308,42.19097289
8,3,55,3,1.274517552,0.2337482622,1.975280517,39.16060983
8,3,55,4,1.128304962,0.2462441706,1.996493267,36.91475438
8,3,55,5,0.9628136718,0.2560941631,2.010280756,35.47447428
8,3,55,6,0.8155330569,0.2637499916,2.017003057,34.80434352
8,3,56,0,,0.2011173184,1.920111732,45
8,3,56,1,0.5,0.2071156611,1.920711566,45
8,3,56,2,1,0.2187517809,1.946844308,42.19097289
8,3,56,3,1.274517013,0.2337482551,1.975280507,39.16061078
8,3,56,4,1.128307878,0.2462442032,1.996493323,36.91474847
8,3,56,5,0.9628117036,0.2560941684,2.010280745,35.47447556
8,3,56,6,0.8155331348,0.2637499976,2.01700305,34.8043443
8,3,57,0,,0.2011173184,1.920111732,45
8,3,57,1,0.5,0.2071156611,1.920711566,45
8,3,57,2,1,0.2187517809,1.946844308,42.19097289
8,3,57,3,1.274517383,0.23374826,1.975280514,39.16061013
8,3,57,4,1.128305427,0.2462441747,1.996493275,36.91475356
8,3,57,5,0.9628136752,0.2560941671,2.010280763,35.47447358
8,3,57,6,0.8155299842,0.2637499577,2.017002942,34.80435609
8,3,58,0,,0.2011173184,1.920111732,45
8,3,58,1,0.5,0.2071156611,1.920711566,45
8,3,58,2,1,0.2187517809,1.946844308,42.19097289
8,3,58,3,1.274517276,0.2337482586,1.975280512,39.16061032
8,3,58,4,1.128305272,0.2462441713,1.99649327,36.91475407
8,3,58,5,0.9628131519,0.2560941568,2.010280743,35.47447568
8,3,58,6,0.8155331681,0.2637499868,2.01700305,34.80434423
8,3,59,0,,0.2011173184,1.920111732,45
8,3,59,1,0.5,0.2071156611,1.920711566,45
8,3,59,2,1,0.2187517809,1.946844308,42.19097289
8,3,59,3,1.274517407,0.2337482603,1.975280514,39.16061009
8,3,59,4,1.128305112,0.2462441708,1.996493268,36.91475425
8,3,59,5,0.9628133524,0.256094159,2.010280748,35.47447519
8,3,59,6,0.815533263,0.2637499901,2.017003058,34.80434341
8,3,60,0,,0.2011173184,1.920111732,45
8,3,60,1,0.5,0.2071156611,1.920711566,45
8,3,60,2,1,0.2187517809,1.946844308,42.19097289
8,3,60,3,1.274517126,0.2337482566,1.975280509,39.16061058
8,3,60,4,1.128304927,0.2462441647,1.99649326,36.91475508
8,3,60,5,0.9628131656,0.2560941506,2.010280735,35.47447648
8,3,60,6,0.81553322,0.2637499815,2.017003045,34.80434469
8,3,61,0,,0.2011173184,1.920111732,45
8,3,61,1,0.5,0.2071156611,1.920711566,45
8,3,61,2,1,0.2187517809,1.946844308,42.19097289
8,3,61,3,1.274516902,0.2337482536,1.975280506,39.16061097
8,3,61,4,1.128304998,0.2462441628,1.996493259,36.91475525
8,3,61,5,0.9628133527,0.2560941513,2.010280739,35.47447602
8,3,61,6,0.8155332365,0.2637499823,2.01700305,34.80434423
12,1,42,0,,0.2011173184,1.920111732,45
12,1,42,1,0,0.2070057453,1.920700575,45
12,1,42,2,0,0.2127364463,1.921273645,45
12,1,42,3,0,0.2183152447,1.921831524,45
12,1,42,4,0,0.2237476823,1.922374768,45
12,1,42,5,0,0.2290390363,1.922903904,45
12,1,42,6,0,0.2341943346,1.923419433,45
12,1,43,0,,0.2011173184,1.920111732,45
12,1,43,1,0,0.2070057453,1.920700575,45
12,1,43,2,0,0.2127364463,1.921273645,45
12,1,43,3,0,0.2183152447,1.921831524,45
12,1,43,4,0,0.2237476823,1.922374768,45
12,1,43,5,0,0.2290390363,1.922903904,45
12,1,43,6,0,0.2341943346,1.923419433,45
12,1,44,0,,0.2011173184,1.920111732,45
12,1,44,1,0,0.2070057453,1.920700575,45
12,1,44,2,0,0.2127364463,1.921273645,45
12,1,44,3,0,0.2183152447,1.921831524,45
12,1,44,4,0,0.2237476823,1.922374768,45
12,1,44,5,0,0.2290390363,1.922903904,45
12,1,44,6,0,0.2341943346,1.923419433,45
12,1,45,0,,0.2011173184,1.920111732,45
12,1,45,1,0,0.2070057453,1.920700575,45
12,1,45,2,0,0.2127364463,1.921273645,45
12,1,45,3,0,0.2183152447,1.921831524,45
12,1,45,4,0,0.2237476823,1.922374768,45
12,1,45,5,0,0.2290390363,1.922903904,45
12,1,45,6,0,0.2341943346,1.923419433,45
12,1,46,0,,0.2011173184,1.920111732,45
12,1,46,1,0,0.2070057453,1.920700575,45
12,1,46,2,0,0.2127364463,1.921273645,45
12,1,46,3,0,0.2183152447,1.921831524,45
12,1,46,4,0,0.2237476823,1.922374768,45
12,1,46,5,0,0.2290390363,1.922903904,45
12,1,46,6,0,0.2341943346,1.923419433,45
12,1,47,0,,0.2011173184,1.920111732,45
12,1,47,1,0,0.2070057453,1.920700575,45
12,1,47,2,0,0.2127364463,1.921273645,45
12,1,47,3,0,0.2183152447,1.921831524,45
12,1,47,4,0,0.2237476823,1.922374768,45
12,1,47,5,0,0.2290390363,1.922903904,45
12,1,47,6,0,0.2341943346,1.923419433,45
12,1,48,0,,0.2011173184,1.920111732,45
12,1,48,1,0,0.2070057453,1.920700575,45
12,1,48,2,0,0.2127364463,1.921273645,45
12,1,48,3,0,0.2183152447,1.921831524,45
12,1,48,4,0,0.2237476823,1.922374768,45
12,1,48,5,0,0.2290390363,1.922903904,45
12,1,48,6,0,0.2341943346,1.923419433,45
12,1,49,0,,0.2011173184,1.920111732,45
12,1,49,1,0,0.2070057453,1.920700575,45
12,1,49,2,0,0.2127364463,1.921273645,45
12,1,49,3,0,0.2183152447,1.921831524,45
12,1,49,4,0,0.2237476823,1.922374768,45
12,1,49,5,0,0.2290390363,1.922903904,45
12,1,49,6,0,0.2341943346,1.923419433,45
12,1,50,0,,0.2011173184,1.920111732,45
12,1,50,1,0,0.2070057453,1.920700575,45
12,1,50,2,0,0.2127364463,1.921273645,45
12,1,50,3,0,0.2183152447,1.921831524,45
12,1,50,4,0,0.2237476823,1.922374768,45
12,1,50,5,0,0.2290390363,1.922903904,45
12,1,50,6,0,0.2341943346,1.923419433,45
12,1,51,0,,0.2011173184,1.920111732,45
12,1,51,1,0,0.2070057453,1.920700575,45
12,1,51,2,0,0.2127364463,1.921273645,45
12,1,51,3,0,0.2183152447,1.921831524,45
12,1,51,4,0,0.2237476823,1.922374768,45
12,1,51,5,0,0.2290390363,1.922903904,45
12,1,51,6,0,0.2341943346,1.923419433,45
12,1,52,0,,0.2011173184,1.920111732,45
12,1,52,1,0,0.2070057453,1.920700575,45
12,1,52,2,0,0.2127364463,1.921273645,45
12,1,52,3,0,0.2183152447,1.921831524,45
12,1,52,4,0,0.2237476823,1.922374768,45
12,1,52,5,0,0.2290390363,1.922903904,45
12,1,52,6,0,0.2341943346,1.923419433,45
12,1,53,0,,0.2011173184,1.920111732,45
12,1,53,1,0,0.2070057453,1.920700575,45
12,1,53,2,0,0.2127364463,1.921273645,45
12,1,53,3,0,0.2183152447,1.921831524,45
12,1,53,4,0,0.2237476823,1.922374768,45
12,1,53,5,0,0.2290390363,1.922903904,45
12,1,53,6,0,0.2341943346,1.923419433,45
12,1,54,0,,0.2011173184,1.920111732,45
12,1,54,1,0,0.2070057453,1.920700575,45
12,1,54,2,0,0.2127364463,1.921273645,45
12,1,54,3,0,0.2183152447,1.921831524,45
12,1,54,4,0,0.2237476823,1.922374768,45
12,1,54,5,0,0.2290390363,1.922903904,45
12,1,54,6,0,0.2341943346,1.923419433,45
12,1,55,0,,0.2011173184,1.920111732,45
12,1,55,1,0,0.2070057453,1.920700575,45
12,1,55,2,0,0.2127364463,1.921273645,45
12,1,55,3,0,0.2183152447,1.921831524,45
12,1,55,4,0,0.2237476823,1.922374768,45
12,1,55,5,0,0.2290390363,1.922903904,45
12,1,55,6,0,0.2341943346,1.923419433,45
12,1,56,0,,0.2011173184,1.920111732,45
12,1,56,1,0,0.2070057453,1.920700575,45
12,1,56,2,0,0.2127364463,1.921273645,45
12,1,56,3,0,0.2183152447,1.921831524,45
12,1,56,4,0,0.2237476823,1.922374768,45
12,1,56,5,0,0.2290390363,1.922903904,45
12,1,56,6,0,0.2341943346,1.923419433,45
12,1,57,0,,0.2011173184,1.920111732,45
12,1,57,1,0,0.2070057453,1.920700575,45
12,1,57,2,0,0.2127364463,1.921273645,45
12,1,57,3,0,0.2183152447,1.921831524,45
12,1,57,4,0,0.2237476823,1.922374768,45
12,1,57,5,0,0.2290390363,1.922903904,45
12,1,57,6,0,0.2341943346,1.923419433,45
12,1,58,0,,0.2011173184,1.920111732,45
12,1,58,1,0,0.2070057453,1.920700575,45
12,1,58,2,0,0.2127364463,1.921273645,45
12,1,58,3,0,0.2183152447,1.921831524,45
12,1,58,4,0,0.2237476823,1.922374768,45
12,1,58,5,0,0.2290390363,1.922903904,45
12,1,58,6,0,0.2341943346,1.923419433,45
12,1,59,0,,0.2011173184,1.920111732,45
12,1,59,1,0,0.2070057453,1.920700575,45
12,1,59,2,0,0.2127364463,1.921273645,45
12,1,59,3,0,0.2183152447,1.921831524,45
12,1,59,4,0,0.2237476823,1.922374768,45
12,1,59,5,0,0.2290390363,1.922903904,45
12,1,59,6,0,0.2341943346,1.923419433,45
12,1,60,0,,0.2011173184,1.920111732,45
12,1,60,1,0,0.2070057453,1.920700575,45
12,1,60,2,0,0.2127364463,1.921273645,45
12,1,60,3,0,0.2183152447,1.921831524,45
12,1,60,4,0,0.2237476823,1.922374768,45
12,1,60,5,0,0.2290390363,1.922903904,45
12,1,60,6,0,0.2341943346,1.923419433,45
12,1,61,0,,0.2011173184,1.920111732,45
12,1,61,1,0,0.2070057453,1.920700575,45
12,1,61,2,0,0.2127364463,1.921273645,45
12,1,61,3,0,0.2183152447,1.921831524,45
12,1,61,4,0,0.2237476823,1.922374768,45
12,1,61,5,0,0.2290390363,1.922903904,45
12,1,61,6,0,0.2341943346,1.923419433,45
12,2,42,0,,0.2011173184,1.920111732,45
12,2,42,1,0.3704398324,0.2065577424,1.920655774,45
12,2,42,2,0.8704398324,0.2164134821,1.942374092,42.66756627
12,2,42,3,0.9583462201,0.2271586937,1.964031172,40.35202846
12,2,42,4,0.8605373788,0.2362409296,1.979132825,38.75526767
12,2,42,5,0.76455692,0.2438415112,1.9881024,37.83169695
12,2,42,6,0.672685807,0.2501930521,1.991287466,37.54483188
12,2,43,0,,0.2011173184,1.920111732,45
12,2,43,1,0.3704398324,0.2065577424,1.920655774,45
12,2,43,2,0.8704398324,0.2164134821,1.942374092,42.66756627
12,2,43,3,0.9583462743,0.2271586945,1.964031174,40.35202828
12,2,43,4,0.8605279168,0.2362408059,1.979132468,38.75530647
12,2,43,5,0.764557965,0.2438414036,1.98810214,37.83172507
12,2,43,6,0.6726884023,0.2501929745,1.99128738,37.54484067
12,2,44,0,,0.2011173184,1.920111732,45
12,2,44,1,0.3704398325,0.2065577424,1.920655774,45
12,2,44,2,0.8704398325,0.2164134821,1.942374092,42.66756627
12,2,44,3,0.958346013,0.2271586908,1.964031165,40.35202917
12,2,44,4,0.8605372409,0.236240925,1.979132814,38.75526884
12,2,44,5,0.7645566922,0.243841504,1.988102381,37.83169908
12,2,44,6,0.6726861093,0.2501930482,1.991287466,37.54483192
12,2,45,0,,0.2011173184,1.920111732,45
12,2,45,1,0.3704398324,0.2065577424,1.920655774,45
12,2,45,2,0.8704398324,0.2164134821,1.942374092,42.66756627
12,2,45,3,0.9583459945,0.2271586906,1.964031165,40.35202924
12,2,45,4,0.8605373708,0.2362409265,1.979132818,38.75526836
12,2,45,5,0.7645565915,0.2438415042,1.98810238,37.83169917
12,2,45,6,0.6726872242,0.2501930601,1.991287525,37.54482538
12,2,46,0,,0.2011173184,1.920111732,45
12,2,46,1,0.3704398325,0.2065577424,1.920655774,45
12,2,46,2,0.8704398325,0.2164134821,1.942374092,42.66756627
12,2,46,3,0.9583463378,0.2271586953,1.964031176,40.35202806
12,2,46,4,0.8605278964,0.2362408065,1.979132469,38.75530636
12,2,46,5,0.7645580003,0.2438414046,1.988102142,37.8317248
12,2,46,6,0.672687054,0.2501929614,1.99128731,37.54484845
12,2,47,0,,0.2011173184,1.920111732,45
12,2,47,1,0.3704398325,0.2065577424,1.920655774,45
12,2,47,2,0.8704398325,0.2164134821,1.942374092,42.66756627
12,2,47,3,0.9583462639,0.2271586943,1.964031173,40.35202831
12,2,47,4,0.8605278786,0.2362408052,1.979132466,38.75530665
12,2,47,5,0.7645579225,0.2438414025,1.988102136,37.83172544
12,2,47,6,0.672688393,0.2501929733,1.991287377,37.54484105
12,2,48,0,,0.2011173184,1.920111732,45
12,2,48,1,0.3704398324,0.2065577424,1.920655774,45
12,2,48,2,0.8704398324,0.2164134821,1.942374092,42.66756627
12,2,48,3,0.9583460229,0.227158691,1.964031166,40.35202914
12,2,48,4,0.8605283253,0.2362408079,1.979132476,38.75530552
12,2,48,5,0.7645580137,0.2438414062,1.988102149,37.83172401
12,2,48,6,0.6726884166,0.2501929771,1.991287389,37.54483968
12,2,49,0,,0.2011173184,1.920111732,45
12,2,49,1,0.3704398324,0.2065577424,1.920655774,45
12,2,49,2,0.8704398324,0.2164134821,1.942374092,42.66756627
12,2,49,3,0.9583464637,0.2271586971,1.96403118,40.35202763
12,2,49,4,0.8605281382,0.2362408113,1.979132481,38.755305
12,2,49,5,0.7645579444,0.2438414087,1.988102151,37.83172391
12,2,49,6,0.6726883279,0.2501929787,1.991287386,37.54484012
12,2,50,0,,0.2011173184,1.920111732,45
12,2,50,1,0.3704398324,0.2065577424,1.920655774,45
12,2,50,2,0.8704398324,0.2164134821,1.942374092,42.66756627
12,2,50,3,0.9583459025,0.2271586893,1.964031162,40.35202955
12,2,50,4,0.86052791,0.2362408008,1.979132457,38.75530758
12,2,50,5,0.7645578199,0.2438413969,1.988102124,37.83172674
12,2,50,6,0.6726887044,0.2501929712,1.991287383,37.54484032
12,2,51,0,,0.2011173184,1.920111732,45
12,2,51,1,0.3704398324,0.2065577424,1.920655774,45
12,2,51,2,0.8704398324,0.2164134821,1.942374092,42.66756627
12,2,51,3,0.9583460464,0.2271586913,1.964031166,40.35202906
12,2,51,4,0.8605279761,0.2362408036,1.979132464,38.75530689
12,2,51,5,0.7645579191,0.2438414009,1.988102134,37.83172565
12,2,51,6,0.6726887213,0.2501929752,1.991287393,37.54483929
12,2,52,0,,0.2011173184,1.920111732,45
12,2,52,1,0.3704398324,0.2065577424,1.920655774,45
12,2,52,2,0.8704398324,0.2164134821,1.942374092,42.66756627
12,2,52,3,0.9583460665,0.2271586916,1.964031167,40.35202899
12,2,52,4,0.8605275694,0.2362407985,1.979132449,38.7553085
12,2,52,5,0.7645581445,0.2438413986,1.988102132,37.83172592
12,2,52,6,0.6726883918,0.2501929696,1.991287373,37.54484147
12,2,53,0,,0.2011173184,1.920111732,45
12,2,53,1,0.3704398324,0.2065577424,1.920655774,45
12,2,53,2,0.8704398324,0.2164134821,1.942374092,42.66756627
12,2,53,3,0.9583460343,0.2271586911,1.964031166,40.3520291
12,2,53,4,0.8605281804,0.2362408061,1.979132471,38.75530608
12,2,53,5,0.7645577831,0.2438414017,1.988102135,37.83172564
12,2,53,6,0.6726884337,0.250192973,1.991287377,37.54484098
12,2,54,0,,0.2011173184,1.920111732,45
12,2,54,1,0.3704398324,0.2065577424,1.920655774,45
12,2,54,2,0.8704398324,0.2164134821,1.942374092,42.66756627
12,2,54,3,0.9583462043,0.2271586935,1.964031171,40.35202852
12,2,54,4,0.8605374852,0.2362409308,1.979132828,38.75526728
12,2,54,5,0.7645566131,0.2438415087,1.98810239,37.83169813
12,2,54,6,0.672687036,0.2501930625,1.991287523,37.54482561
12,2,55,0,,0.2011173184,1.920111732,45
12,2,55,1,0.3704398324,0.2065577424,1.920655774,45
12,2,55,2,0.8704398324,0.2164134821,1.942374092,42.66756627
12,2,55,3,0.9583459969,0.2271586906,1.964031165,40.35202923
12,2,55,4,0.8605280257,0.2362408036,1.979132464,38.75530683
12,2,55,5,0.7645576935,0.2438413981,1.988102125,37.83172672
12,2,55,6,0.6726897234,0.250192983,1.991287438,37.54483426
12,2,56,0,,0.2011173184,1.920111732,45
12,2,56,1,0.3704398324,0.2065577424,1.920655774,45
12,2,56,2,0.8704398324,0.2164134821,1.942374092,42.66756627
12,2,56,3,0.9583465361,0.2271586981,1.964031182,40.35202738
12,2,56,4,0.8605276944,0.2362408065,1.979132466,38.75530662
12,2,56,5,0.7645577443,0.2438414015,1.988102129,37.83172629
12,2,56,6,0.6726884675,0.2501929732,1.991287374,37.54484134
12,2,57,0,,0.2011173184,1.920111732,45
12,2,57,1,0.3704398324,0.2065577424,1.920655774,45
12,2,57,2,0.8704398324,0.2164134821,1.942374092,42.66756627
12,2,57,3,0.9583460106,0.2271586908,1.964031165,40.35202918
12,2,57,4,0.8605284927,0.2362408099,1.979132482,38.75530487
12,2,57,5,0.764558224,0.2438414107,1.988102164,37.83172241
12,2,57,6,0.6726883471,0.2501929808,1.991287398,37.54483871
12,2,58,0,,0.2011173184,1.920111732,45
12,2,58,1,0.3704398324,0.2065577424,1.920655774,45
12,2,58,2,0.8704398324,0.2164134821,1.942374092,42.66756627
12,2,58,3,0.9583460977,0.227158692,1.964031168,40.35202888
12,2,58,4,0.8605283592,0.2362408093,1.979132479,38.75530516
12,2,58,5,0.7645579915,0.2438414073,1.988102151,37.83172381
12,2,58,6,0.6726868346,0.2501929617,1.991287306,37.5448489
12,2,59,0,,0.2011173184,1.920111732,45
12,2,59,1,0.3704398324,0.2065577424,1.920655774,45
12,2,59,2,0.8704398324,0.2164134821,1.942374092,42.66756627
12,2,59,3,0.9583459783,0.2271586904,1.964031164,40.35202929
12,2,59,4,0.8605281864,0.2362408055,1.97913247,38.75530622
12,2,59,5,0.7645578642,0.243841402,1.988102137,37.83172535
12,2,59,6,0.6726885147,0.2501929741,1.991287384,37.54484025
12,2,60,0,,0.2011173184,1.920111732,45
12,2,60,1,0.3704398325,0.2065577424,1.920655774,45
12,2,60,2,0.8704398325,0.2164134821,1.942374092,42.66756627
12,2,60,3,0.9583460506,0.2271586914,1.964031167,40.35202904
12,2,60,4,0.8605281448,0.2362408059,1.97913247,38.75530618
12,2,60,5,0.7645581945,0.2438414064,1.988102152,37.83172368
12,2,60,6,0.6726885947,0.2501929792,1.991287402,37.54483834
12,2,61,0,,0.2011173184,1.920111732,45
12,2,61,1,0.3704398324,0.2065577424,1.920655774,45
12,2,61,2,0.8704398324,0.2164134821,1.942374092,42.66756627
12,2,61,3,0.9583461999,0.2271586934,1.964031171,40.35202853
12,2,61,4,0.8605278079,0.2362408035,1.979132461,38.75530713
12,2,61,5,0.7645578541,0.2438413999,1.988102129,37.83172619
12,2,61,6,0.6726885099,0.2501929721,1.991287377,37.544841
12,3,42,0,,0.2011173184,1.920111732,45
12,3,42,1,0.5,0.2071156611,1.920711566,45
12,3,42,2,1,0.2187517809,1.946844308,42.19097289
12,3,42,3,0.9440859085,0.2292243043,1.967381107,39.99839886
12,3,42,4,0.8404674406,0.237981795,1.981223344,38.53966896
12,3,42,5,0.7441950608,0.2452908151,1.988958428,37.75169849
12,3,42,6,0.6773194572,0.2516520714,1.992273284,37.45034134
12,3,43,0,,0.2011173184,1.920111732,45
12,3,43,1,0.4706462174,0.206938931,1.920693893,45
12,3,43,2,0.9706462174,0.2181685354,1.945925323,42.28779719
12,3,43,3,0.9486572573,0.228722849,1.966748111,40.06396952
12,3,43,4,0.8456079207,0.2375622243,1.980884256,38.57309619
12,3,43,5,0.7490294282,0.244940022,1.988894285,37.75496821
12,3,43,6,0.6568549526,0.2510989097,1.991106831,37.57534424
12,3,44,0,,0.2011173184,1.920111732,45
12,3,44,1,0.5,0.2071156611,1.920711566,45
12,3,44,2,1,0.2187517809,1.946844308,42.19097289
12,3,44,3,0.9440858746,0.2292243038,1.967381106,39.99839898
12,3,44,4,0.8404673201,0.2379817929,1.981223339,38.53966957
12,3,44,5,0.7441951829,0.2452908146,1.988958429,37.75169839
12,3,44,6,0.677319377,0.25165207,1.992273281,37.45034173
12,3,45,0,,0.2011173184,1.920111732,45
12,3,45,1,0.5,0.2071156611,1.920711566,45
12,3,45,2,1,0.2187517809,1.946844308,42.19097289
12,3,45,3,0.9440938187,0.229224413,1.967381365,39.99837103
12,3,45,4,0.8404658608,0.2379818799,1.981223504,38.53965196
12,3,45,5,0.7441938808,0.2452908838,1.98895851,37.75169004
12,3,45,6,0.6773185432,0.2516521286,1.992273306,37.45033949
12,3,46,0,,0.2011173184,1.920111732,45
12,3,46,1,0.5,0.2071156611,1.920711566,45
12,3,46,2,1,0.2187517809,1.946844308,42.19097289
12,3,46,3,0.9440939176,0.2292244144,1.967381369,39.99837068
12,3,46,4,0.8404669155,0.2379818949,1.981223548,38.53964715
12,3,46,5,0.744194757,0.2452909087,1.98895859,37.75168139
12,3,46,6,0.6773180201,0.2516521473,1.992273347,37.4503351
12,3,47,0,,0.2011173184,1.920111732,45
12,3,47,1,0.5,0.2071156611,1.920711566,45
12,3,47,2,1,0.2187517809,1.946844308,42.19097289
12,3,47,3,0.9440858355,0.2292243033,1.967381105,39.99839912
12,3,47,4,0.8404678684,0.2379817995,1.981223359,38.53966735
12,3,47,5,0.7441951025,0.2452908201,1.988958443,37.75169689
12,3,47,6,0.6773194767,0.2516520764,1.992273298,37.45033985
12,3,48,0,,0.2011173184,1.920111732,45
12,3,48,1,0.5,0.2071156611,1.920711566,45
12,3,48,2,1,0.2187517809,1.946844308,42.19097289
12,3,48,3,0.9440858583,0.2292243036,1.967381106,39.99839904
12,3,48,4,0.8404674079,0.2379817939,1.981223342,38.53966925
12,3,48,5,0.7441951683,0.2452908153,1.988958431,37.75169818
12,3,48,6,0.6773196314,0.2516520734,1.992273296,37.45034006
12,3,49,0,,0.2011173184,1.920111732,45
12,3,49,1,0.5,0.2071156611,1.920711566,45
12,3,49,2,1,0.2187517809,1.946844308,42.19097289
12,3,49,3,0.9440896426,0.2292243556,1.967381229,39.99838572
12,3,49,4,0.8404671388,0.2379818408,1.981223437,38.53965904
12,3,49,5,0.7441945109,0.2452908532,1.988958482,37.75169283
12,3,49,6,0.6773186069,0.2516520995,1.992273286,37.45034149
12,3,50,0,,0.2011173184,1.920111732,45
12,3,50,1,0.5,0.2071156611,1.920711566,45
12,3,50,2,1,0.2187517809,1.946844308,42.19097289
12,3,50,3,0.9440939724,0.2292244151,1.967381371,39.99837049
12,3,50,4,0.8404661857,0.2379818862,1.981223521,38.53965011
12,3,50,5,0.7441932245,0.2452908822,1.988958494,37.75169183
12,3,50,6,0.6773183815,0.2516521254,1.992273284,37.45034199
12,3,51,0,,0.2011173184,1.920111732,45
12,3,51,1,0.5,0.2071156611,1.920711566,45
12,3,51,2,1,0.2187517809,1.946844308,42.19097289
12,3,51,3,0.94408589,0.2292243041,1.967381107,39.99839892
12,3,51,4,0.8404657401,0.2379817727,1.981223277,38.53967629
12,3,51,5,0.7441951627,0.2452907947,1.988958375,37.75170426
12,3,51,6,0.6773197983,0.2516520551,1.992273256,37.45034431
12,3,52,0,,0.2011173184,1.920111732,45
12,3,52,1,0.5,0.2071156611,1.920711566,45
12,3,52,2,1,0.2187517809,1.946844308,42.19097289
12,3,52,3,0.9440939516,0.2292244149,1.96738137,39.99837056
12,3,52,4,0.840464616,0.2379818656,1.981223459,38.53965689
12,3,52,5,0.7441942283,0.245290874,1.988958488,37.75169248
12,3,52,6,0.6773187605,0.2516521213,1.992273298,37.45034031
12,3,53,0,,0.2011173184,1.920111732,45
12,3,53,1,0.5,0.2071156611,1.920711566,45
12,3,53,2,1,0.2187517809,1.946844308,42.19097289
12,3,53,3,0.9440860454,0.2292243062,1.967381112,39.99839838
12,3,53,4,0.8404673463,0.2379817956,1.981223344,38.53966895
12,3,53,5,0.744194965,0.2452908146,1.988958424,37.75169898
12,3,53,6,0.677319271,0.2516520689,1.99227327,37.45034286
12,3,54,0,,0.2011173184,1.920111732,45
12,3,54,1,0.5,0.2071156611,1.920711566,45
12,3,54,2,1,0.2187517809,1.946844308,42.19097289
12,3,54,3,0.9440936697,0.229224411,1.967381361,39.99837155
12,3,54,4,0.8404645042,0.2379818604,1.981223446,38.53965821
12,3,54,5,0.7441941113,0.2452908675,1.988958471,37.75169422
12,3,54,6,0.6773186105,0.2516521135,1.992273276,37.45034269
12,3,55,0,,0.2011173184,1.920111732,45
12,3,55,1,0.5,0.2071156611,1.920711566,45
12,3,55,2,1,0.2187517809,1.946844308,42.19097289
12,3,55,3,0.9440940487,0.2292244162,1.967381373,39.99837022
12,3,55,4,0.8404664822,0.237981891,1.981223535,38.53964861
12,3,55,5,0.7441941365,0.2452908977,1.988958549,37.75168585
12,3,55,6,0.6773183595,0.2516521401,1.99227333,37.45033695
12,3,56,0,,0.2011173184,1.920111732,45
12,3,56,1,0.5,0.2071156611,1.920711566,45
12,3,56,2,1,0.2187517809,1.946844308,42.19097289
12,3,56,3,0.9440858229,0.2292243031,1.967381104,39.99839916
12,3,56,4,0.8404675826,0.2379817957,1.981223348,38.53966861
12,3,56,5,0.7441959273,0.245290826,1.988958472,37.75169372
12,3,56,6,0.6773192438,0.2516520797,1.99227331,37.45033848
12,3,57,0,,0.2011173184,1.920111732,45
12,3,57,1,0.5,0.2071156611,1.920711566,45
12,3,57,2,1,0.2187517809,1.946844308,42.19097289
12,3,57,3,0.9440940586,0.2292244163,1.967381373,39.99837019
12,3,57,4,0.8404662516,0.2379818882,1.981223526,38.53964957
12,3,57,5,0.7441941898,0.2452908955,1.988958544,37.75168639
12,3,57,6,0.6773181356,0.2516521357,1.992273314,37.45033874
12,3,58,0,,0.2011173184,1.920111732,45
12,3,58,1,0.5,0.2071156611,1.920711566,45
12,3,58,2,1,0.2187517809,1.946844308,42.19097289
12,3,58,3,0.9440940966,0.2292244168,1.967381375,39.99837005
12,3,58,4,0.8404646791,0.2379818683,1.981223465,38.53965618
12,3,58,5,0.7441941265,0.2452908754,1.988958488,37.7516924
12,3,58,6,0.6773184812,0.2516521198,1.992273284,37.45034188
12,3,59,0,,0.2011173184,1.920111732,45
12,3,59,1,0.5,0.2071156611,1.920711566,45
12,3,59,2,1,0.2187517809,1.946844308,42.19097289
12,3,59,3,0.9440873766,0.2292243245,1.967381155,39.99839369
12,3,59,4,0.8404670568,0.2379818096,1.98122337,38.53966619
12,3,59,5,0.7441949383,0.2452908279,1.988958445,37.75169676
12,3,59,6,0.6773193732,0.2516520829,1.992273294,37.45034035
12,3,60,0,,0.2011173184,1.920111732,45
12,3,60,1,0.5,0.2071156611,1.920711566,45
12,3,60,2,1,0.2187517809,1.946844308,42.19097289
12,3,60,3,0.9440874127,0.229224325,1.967381156,39.99839357
12,3,60,4,0.8404651256,0.237981785,1.981223295,38.53967434
12,3,60,5,0.7441950476,0.2452908053,1.988958385,37.7517032
12,3,60,6,0.677319776,0.2516520652,1.992273264,37.45034354
12,3,61,0,,0.2011173184,1.920111732,45
12,3,61,1,0.5,0.2071156611,1.920711566,45
12,3,61,2,1,0.2187517809,1.946844308,42.19097289
12,3,61,3,0.9440857771,0.2292243025,1.967381103,39.99839932
12,3,61,4,0.8404673096,0.2379817915,1.981223335,38.53966991
12,3,61,5,0.744195026,0.2452908114,1.988958419,37.75169949
12,3,61,6,0.6773193941,0.2516520671,1.992273273,37.45034257
