{
  "metadata": {
    "np_grid": [
      3,
      4,
      6,
      8,
      12
    ],
    "nc_candidates": [
      1,
      2,
      3
    ],
    "np_nominal": 6,
    "nc_nominal": 3,
    "n_rep": 20,
    "num_steps": 6,
    "base_seed": 42,
    "confidence": 0.95,
    "tau_adapt_hours": 7.4,
    "tau_orient_hours": 7.4,
    "initial_cell_count": 179,
    "phi_sen_max": 0.3,
    "wall_time_s": 303.3828637439997
  },
  "aggregates": [
    {
      "n_prediction": 3,
      "n_control": 1,
      "n_rep": 20,
      "J_mean": 13.415935526231952,
      "J_ci95": 0.0015357206468065668,
      "terminal_phi_sen_mean": 0.20947397850153932,
      "terminal_phi_sen_ci95": 7.253334664573288e-05,
      "terminal_rho_bar_mean": 2.0872476687882386,
      "terminal_rho_bar_ci95": 1.1940575561160138e-05,
      "terminal_varphi_bar_deg_mean": 26.29121951946551,
      "terminal_varphi_bar_deg_ci95": 0.002159314861392765,
      "mean_solve_time_mean": 0.02621991907501145,
      "mean_solve_time_ci95": 0.00025551022155647447,
      "solver_success_rate_mean": 1.0,
      "constraint_violation_frequency": 0.0,
      "total_constraint_violations": 0
    },
    {
      "n_prediction": 3,
      "n_control": 2,
      "n_rep": 20,
      "J_mean": 13.417693690469264,
      "J_ci95": 0.0015159642759318796,
      "terminal_phi_sen_mean": 0.20899538469624585,
      "terminal_phi_sen_ci95": 6.982085017612894e-05,
      "terminal_rho_bar_mean": 2.0867511923927897,
      "terminal_rho_bar_ci95": 1.2267962830588324e-05,
      "terminal_varphi_bar_deg_mean": 26.341688933643987,
      "terminal_varphi_bar_deg_ci95": 0.002165630265500976,
      "mean_solve_time_mean": 0.04821178204168366,
      "mean_solve_time_ci95": 0.0007710699048543029,
      "solver_success_rate_mean": 1.0,
      "constraint_violation_frequency": 0.0,
      "total_constraint_violations": 0
    },
    {
      "n_prediction": 3,
      "n_control": 3,
      "n_rep": 20,
      "J_mean": 13.418244430614246,
      "J_ci95": 0.0015111611363829915,
      "terminal_phi_sen_mean": 0.20898026725428015,
      "terminal_phi_sen_ci95": 6.988982309310299e-05,
      "terminal_rho_bar_mean": 2.0867294513409598,
      "terminal_rho_bar_ci95": 1.210531261453689e-05,
      "terminal_varphi_bar_deg_mean": 26.343964730752692,
      "terminal_varphi_bar_deg_ci95": 0.0021481080037574554,
      "mean_solve_time_mean": 0.08077478400834555,
      "mean_solve_time_ci95": 0.0005276956444674909,
      "solver_success_rate_mean": 1.0,
      "constraint_violation_frequency": 0.0,
      "total_constraint_violations": 0
    },
    {
      "n_prediction": 4,
      "n_control": 1,
      "n_rep": 20,
      "J_mean": 13.426522810852015,
      "J_ci95": 0.0015254908243059876,
      "terminal_phi_sen_mean": 0.20960098797336096,
      "terminal_phi_sen_ci95": 6.726863547717386e-05,
      "terminal_rho_bar_mean": 2.0873615686723066,
      "terminal_rho_bar_ci95": 1.5453328948247215e-05,
      "terminal_varphi_bar_deg_mean": 26.279834639065786,
      "terminal_varphi_bar_deg_ci95": 0.0024952714505717417,
      "mean_solve_time_mean": 0.03691778709167769,
      "mean_solve_time_ci95": 0.00036605672262870115,
      "solver_success_rate_mean": 1.0,
      "constraint_violation_frequency": 0.0,
      "total_constraint_violations": 0
    },
    {
      "n_prediction": 4,
      "n_control": 2,
      "n_rep": 20,
      "J_mean": 13.414744539504326,
      "J_ci95": 0.0015268277450427553,
      "terminal_phi_sen_mean": 0.20899704128183538,
      "terminal_phi_sen_ci95": 6.473324817363001e-05,
      "terminal_rho_bar_mean": 2.086837479742125,
      "terminal_rho_bar_ci95": 1.527894017428365e-05,
      "terminal_varphi_bar_deg_mean": 26.332000243431594,
      "terminal_varphi_bar_deg_ci95": 0.0024471296992882603,
      "mean_solve_time_mean": 0.06292062840833902,
      "mean_solve_time_ci95": 0.000732587526853874,
      "solver_success_rate_mean": 1.0,
      "constraint_violation_frequency": 0.0,
      "total_constraint_violations": 0
    },
    {
      "n_prediction": 4,
      "n_control": 3,
      "n_rep": 20,
      "J_mean": 13.414937739217427,
      "J_ci95": 0.0015292896013392422,
      "terminal_phi_sen_mean": 0.2089825973541229,
      "terminal_phi_sen_ci95": 6.45820329712758e-05,
      "terminal_rho_bar_mean": 2.0868210355205385,
      "terminal_rho_bar_ci95": 1.5475159684189462e-05,
      "terminal_varphi_bar_deg_mean": 26.333687724173313,
      "terminal_varphi_bar_deg_ci95": 0.0024675032209544655,
      "mean_solve_time_mean": 0.10110654490831243,
      "mean_solve_time_ci95": 0.0014149695960520702,
      "solver_success_rate_mean": 1.0,
      "constraint_violation_frequency": 0.0,
      "total_constraint_violations": 0
    },
    {
      "n_prediction": 6,
      "n_control": 1,
      "n_rep": 20,
      "J_mean": 13.44072532655457,
      "J_ci95": 0.0015130344421675445,
      "terminal_phi_sen_mean": 0.20925032260452975,
      "terminal_phi_sen_ci95": 5.64044540575855e-05,
      "terminal_rho_bar_mean": 2.087112369892616,
      "terminal_rho_bar_ci95": 2.084967142410813e-05,
      "terminal_varphi_bar_deg_mean": 26.303924516381688,
      "terminal_varphi_bar_deg_ci95": 0.0029801376489196475,
      "mean_solve_time_mean": 0.06698856521667645,
      "mean_solve_time_ci95": 0.0007519707056093881,
      "solver_success_rate_mean": 1.0,
      "constraint_violation_frequency": 0.0,
      "total_constraint_violations": 0
    },
    {
      "n_prediction": 6,
      "n_control": 2,
      "n_rep": 20,
      "J_mean": 13.415930956385694,
      "J_ci95": 0.0015676036666315283,
      "terminal_phi_sen_mean": 0.20848422090101768,
      "terminal_phi_sen_ci95": 5.297557927781679e-05,
      "terminal_rho_bar_mean": 2.0865810892148273,
      "terminal_rho_bar_ci95": 2.1184584664920752e-05,
      "terminal_varphi_bar_deg_mean": 26.355074948468353,
      "terminal_varphi_bar_deg_ci95": 0.0029792405356922126,
      "mean_solve_time_mean": 0.13749731675832208,
      "mean_solve_time_ci95": 0.0016154832205218714,
      "solver_success_rate_mean": 1.0,
      "constraint_violation_frequency": 0.0,
      "total_constraint_violations": 0
    },
    {
      "n_prediction": 6,
      "n_control": 3,
      "n_rep": 20,
      "J_mean": 13.415944705063534,
      "J_ci95": 0.0015674176365459613,
      "terminal_phi_sen_mean": 0.20846843553755728,
      "terminal_phi_sen_ci95": 5.265806720971237e-05,
      "terminal_rho_bar_mean": 2.086565750619514,
      "terminal_rho_bar_ci95": 2.147043634591285e-05,
      "terminal_varphi_bar_deg_mean": 26.3566229551022,
      "terminal_varphi_bar_deg_ci95": 0.003007827065054385,
      "mean_solve_time_mean": 0.16698531496667027,
      "mean_solve_time_ci95": 0.001571216838561472,
      "solver_success_rate_mean": 1.0,
      "constraint_violation_frequency": 0.0,
      "total_constraint_violations": 0
    },
    {
      "n_prediction": 6,
      "n_control": 6,
      "n_rep": 20,
      "J_mean": 13.415951735292428,
      "J_ci95": 0.0015673799805406784,
      "terminal_phi_sen_mean": 0.20846656433011224,
      "terminal_phi_sen_ci95": 5.2661181698134866e-05,
      "terminal_rho_bar_mean": 2.0865645713223904,
      "terminal_rho_bar_ci95": 2.1471820639488467e-05,
      "terminal_varphi_bar_deg_mean": 26.356734574944852,
      "terminal_varphi_bar_deg_ci95": 0.003008017809523803,
      "mean_solve_time_mean": 0.43925616099168485,
      "mean_solve_time_ci95": 0.003131363124952794,
      "solver_success_rate_mean": 1.0,
      "constraint_violation_frequency": 0.0,
      "total_constraint_violations": 0
    },
    {
      "n_prediction": 8,
      "n_control": 1,
      "n_rep": 20,
      "J_mean": 13.446538429441045,
      "J_ci95": 0.0015099402307850224,
      "terminal_phi_sen_mean": 0.20843532892033276,
      "terminal_phi_sen_ci95": 5.0345617473598104e-05,
      "terminal_rho_bar_mean": 2.0866015644765374,
      "terminal_rho_bar_ci95": 2.330121941013687e-05,
      "terminal_varphi_bar_deg_mean": 26.352221446743282,