n_prediction,n_control,seed,hour,tau_Pa,phi_sen,rho_bar,varphi_bar_deg
3,1,42,0,,0.2011173184,1.920111732,45
3,1,42,1,0,0.2070057453,1.920700575,45
3,1,42,2,0,0.2127364463,1.921273645,45
3,1,42,3,0,0.2183152447,1.921831524,45
3,1,42,4,0,0.2237476823,1.922374768,45
3,1,42,5,0,0.2290390363,1.922903904,45
3,1,42,6,0,0.2341943346,1.923419433,45
3,1,43,0,,0.2011173184,1.920111732,45
3,1,43,1,0,0.2070057453,1.920700575,45
3,1,43,2,0,0.2127364463,1.921273645,45
3,1,43,3,0,0.2183152447,1.921831524,45
3,1,43,4,0,0.2237476823,1.922374768,45
3,1,43,5,0,0.2290390363,1.922903904,45
3,1,43,6,0,0.2341943346,1.923419433,45
3,1,44,0,,0.2011173184,1.920111732,45
3,1,44,1,0,0.2070057453,1.920700575,45
3,1,44,2,0,0.2127364463,1.921273645,45
3,1,44,3,0,0.2183152447,1.921831524,45
3,1,44,4,0,0.2237476823,1.922374768,45
3,1,44,5,0,0.2290390363,1.922903904,45
3,1,44,6,0,0.2341943346,1.923419433,45
3,1,45,0,,0.2011173184,1.920111732,45
3,1,45,1,0,0.2070057453,1.920700575,45
3,1,45,2,0,0.2127364463,1.921273645,45
3,1,45,3,0,0.2183152447,1.921831524,45
3,1,45,4,0,0.2237476823,1.922374768,45
3,1,45,5,0,0.2290390363,1.922903904,45
3,1,45,6,0,0.2341943346,1.923419433,45
3,1,46,0,,0.2011173184,1.920111732,45
3,1,46,1,0,0.2070057453,1.920700575,45
3,1,46,2,0,0.2127364463,1.921273645,45
3,1,46,3,0,0.2183152447,1.921831524,45
3,1,46,4,0,0.2237476823,1.922374768,45
3,1,46,5,0,0.2290390363,1.922903904,45
3,1,46,6,0,0.2341943346,1.923419433,45
3,1,47,0,,0.2011173184,1.920111732,45
3,1,47,1,0,0.2070057453,1.920700575,45
3,1,47,2,0,0.2127364463,1.921273645,45
3,1,47,3,0,0.2183152447,1.921831524,45
3,1,47,4,0,0.2237476823,1.922374768,45
3,1,47,5,0,0.2290390363,1.922903904,45
3,1,47,6,0,0.2341943346,1.923419433,45
3,1,48,0,,0.2011173184,1.920111732,45
3,1,48,1,0,0.2070057453,1.920700575,45
3,1,48,2,0,0.2127364463,1.921273645,45
3,1,48,3,0,0.2183152447,1.921831524,45
3,1,48,4,0,0.2237476823,1.922374768,45
3,1,48,5,0,0.2290390363,1.922903904,45
3,1,48,6,0,0.2341943346,1.923419433,45
3,1,49,0,,0.2011173184,1.920111732,45
3,1,49,1,0,0.2070057453,1.920700575,45
3,1,49,2,0,0.2127364463,1.921273645,45
3,1,49,3,0,0.2183152447,1.921831524,45
3,1,49,4,0,0.2237476823,1.922374768,45
3,1,49,5,0,0.2290390363,1.922903904,45
3,1,49,6,0,0.2341943346,1.923419433,45
3,1,50,0,,0.2011173184,1.920111732,45
3,1,50,1,0,0.2070057453,1.920700575,45
3,1,50,2,0,0.2127364463,1.921273645,45
3,1,50,3,0,0.2183152447,1.921831524,45
3,1,50,4,0,0.2237476823,1.922374768,45
3,1,50,5,0,0.2290390363,1.922903904,45
3,1,50,6,0,0.2341943346,1.923419433,45
3,1,51,0,,0.2011173184,1.920111732,45
3,1,51,1,0,0.2070057453,1.920700575,45
3,1,51,2,0,0.2127364463,1.921273645,45
3,1,51,3,0,0.2183152447,1.921831524,45
3,1,51,4,0,0.2237476823,1.922374768,45
3,1,51,5,0,0.2290390363,1.922903904,45
3,1,51,6,0,0.2341943346,1.923419433,45
3,1,52,0,,0.2011173184,1.920111732,45
3,1,52,1,0,0.2070057453,1.920700575,45
3,1,52,2,0,0.2127364463,1.921273645,45
3,1,52,3,0,0.2183152447,1.921831524,45
3,1,52,4,0,0.2237476823,1.922374768,45
3,1,52,5,0,0.2290390363,1.922903904,45
3,1,52,6,0,0.2341943346,1.923419433,45
3,1,53,0,,0.2011173184,1.920111732,45
3,1,53,1,0,0.2070057453,1.920700575,45
3,1,53,2,0,0.2127364463,1.921273645,45
3,1,53,3,0,0.2183152447,1.921831524,45
3,1,53,4,0,0.2237476823,1.922374768,45
3,1,53,5,0,0.2290390363,1.922903904,45
3,1,53,6,0,0.2341943346,1.923419433,45
3,1,54,0,,0.2011173184,1.920111732,45
3,1,54,1,0,0.2070057453,1.920700575,45
3,1,54,2,0,0.2127364463,1.921273645,45
3,1,54,3,0,0.2183152447,1.921831524,45
3,1,54,4,0,0.2237476823,1.922374768,45
3,1,54,5,0,0.2290390363,1.922903904,45
3,1,54,6,0,0.2341943346,1.923419433,45
3,1,55,0,,0.2011173184,1.920111732,45
3,1,55,1,0,0.2070057453,1.920700575,45
3,1,55,2,0,0.2127364463,1.921273645,45
3,1,55,3,0,0.2183152447,1.921831524,45
3,1,55,4,0,0.2237476823,1.922374768,45
3,1,55,5,0,0.2290390363,1.922903904,45
3,1,55,6,0,0.2341943346,1.923419433,45
3,1,56,0,,0.2011173184,1.920111732,45
3,1,56,1,0,0.2070057453,1.920700575,45
3,1,56,2,0,0.2127364463,1.921273645,45
3,1,56,3,0,0.2183152447,1.921831524,45
3,1,56,4,0,0.2237476823,1.922374768,45
3,1,56,5,0,0.2290390363,1.922903904,45
3,1,56,6,0,0.2341943346,1.923419433,45
3,1,57,0,,0.2011173184,1.920111732,45
3,1,57,1,0,0.2070057453,1.920700575,45
3,1,57,2,0,0.2127364463,1.921273645,45
3,1,57,3,0,0.2183152447,1.921831524,45
3,1,57,4,0,0.2237476823,1.922374768,45
3,1,57,5,0,0.2290390363,1.922903904,45
3,1,57,6,0,0.2341943346,1.923419433,45
3,1,58,0,,0.2011173184,1.920111732,45
3,1,58,1,0,0.2070057453,1.920700575,45
3,1,58,2,0,0.2127364463,1.921273645,45
3,1,58,3,0,0.2183152447,1.921831524,45
3,1,58,4,0,0.2237476823,1.922374768,45
3,1,58,5,0,0.2290390363,1.922903904,45
3,1,58,6,0,0.2341943346,1.923419433,45
3,1,59,0,,0.2011173184,1.920111732,45
3,1,59,1,0,0.2070057453,1.920700575,45
3,1,59,2,0,0.2127364463,1.921273645,45
3,1,59,3,0,0.2183152447,1.921831524,45
3,1,59,4,0,0.2237476823,1.922374768,45
3,1,59,5,0,0.2290390363,1.922903904,45
3,1,59,6,0,0.2341943346,1.923419433,45
3,1,60,0,,0.2011173184,1.920111732,45
3,1,60,1,0,0.2070057453,1.920700575,45
3,1,60,2,0,0.2127364463,1.921273645,45
3,1,60,3,0,0.2183152447,1.921831524,45
3,1,60,4,0,0.2237476823,1.922374768,45
3,1,60,5,0,0.2290390363,1.922903904,45
3,1,60,6,0,0.2341943346,1.923419433,45
3,1,61,0,,0.2011173184,1.920111732,45
3,1,61,1,0,0.2070057453,1.920700575,45
3,1,61,2,0,0.2127364463,1.921273645,45
3,1,61,3,0,0.2183152447,1.921831524,45
3,1,61,4,0,0.2237476823,1.922374768,45
3,1,61,5,0,0.2290390363,1.922903904,45
3,1,61,6,0,0.2341943346,1.923419433,45
3,2,42,0,,0.2011173184,1.920111732,45
3,2,42,1,0.5,0.2071156611,1.920711566,45
3,2,42,2,1,0.2187517809,1.988959812,40.80721041
3,2,42,3,1.5,0.2365604882,2.060300484,36.45972283
3,2,42,4,1.992606688,0.2584420839,2.116592662,33.07822166
3,2,42,5,1.554365811,0.2752371113,2.147607269,31.24477763
3,2,42,6,1.075116992,0.2856457582,2.15031687,31.1404816
3,2,43,0,,0.2011173184,1.920111732,45
3,2,43,1,0.5,0.2071156611,1.920711566,45
3,2,43,2,1,0.2187517809,1.988959812,40.80721041
3,2,43,3,1.5,0.2365604882,2.060300484,36.45972283
3,2,43,4,1.992606626,0.2584420834,2.116592661,33.07822169
3,2,43,5,1.554365755,0.2752371103,2.147607267,31.24477772
3,2,43,6,1.07511703,0.2856457577,2.150316871,31.14048152
3,2,44,0,,0.2011173184,1.920111732,45
3,2,44,1,0.5,0.2071156611,1.920711566,45
3,2,44,2,1,0.2187517809,1.988959812,40.80721041
3,2,44,3,1.5,0.2365604882,2.060300484,36.45972283
3,2,44,4,1.992606707,0.2584420841,2.116592662,33.07822165
3,2,44,5,1.55436594,0.2752371129,2.147607272,31.24477746
3,2,44,6,1.075113153,0.2856457102,2.150316647,31.14049527
3,2,45,0,,0.2011173184,1.920111732,45
3,2,45,1,0.5,0.2071156611,1.920711566,45
3,2,45,2,1,0.2187517809,1.988959812,40.80721041
3,2,45,3,1.5,0.2365604882,2.060300484,36.45972283
3,2,45,4,1.992606688,0.2584420839,2.116592662,33.07822166
3,2,45,5,1.554365865,0.2752371119,2.14760727,31.24477756
3,2,45,6,1.075113198,0.2856457099,2.150316648,31.14049517
3,2,46,0,,0.2011173184,1.920111732,45
3,2,46,1,0.5,0.2071156611,1.920711566,45
3,2,46,2,1,0.2187517809,1.988959812,40.80721041
3,2,46,3,1.5,0.2365604882,2.060300484,36.45972283
3,2,46,4,1.992606673,0.2584420838,2.116592662,33.07822167
3,2,46,5,1.554365837,0.2752371115,2.14760727,31.2447776
3,2,46,6,1.07511693,0.2856457576,2.150316867,31.1404818
3,2,47,0,,0.2011173184,1.920111732,45
3,2,47,1,0.5,0.2071156611,1.920711566,45
3,2,47,2,1,0.2187517809,1.988959812,40.80721041
3,2,47,3,1.5,0.2365604882,2.060300484,36.45972283
3,2,47,4,1.992606623,0.2584420834,2.116592661,33.0782217
3,2,47,5,1.554365923,0.2752371121,2.147607271,31.24477751
3,2,47,6,1.075117069,0.2856457599,2.150316876,31.14048124
3,2,48,0,,0.2011173184,1.920111732,45
3,2,48,1,0.5,0.2071156611,1.920711566,45
3,2,48,2,1,0.2187517809,1.988959812,40.80721041
3,2,48,3,1.5,0.2365604882,2.060300484,36.45972283
3,2,48,4,1.99260699,0.2584420863,2.116592664,33.07822151
3,2,48,5,1.554365799,0.2752371136,2.14760727,31.24477756
3,2,48,6,1.075116992,0.2856457604,2.150316871,31.14048156
3,2,49,0,,0.2011173184,1.920111732,45
3,2,49,1,0.5,0.2071156611,1.920711566,45
3,2,49,2,1,0.2187517809,1.988959812,40.80721041
3,2,49,3,1.5,0.2365604882,2.060300484,36.45972283
3,2,49,4,1.992606769,0.2584420846,2.116592662,33.07822162
3,2,49,5,1.554365792,0.2752371118,2.147607269,31.24477763
3,2,49,6,1.07511706,0.2856457595,2.150316874,31.14048136
3,2,50,0,,0.2011173184,1.920111732,45
3,2,50,1,0.5,0.2071156611,1.920711566,45
3,2,50,2,1,0.2187517809,1.988959812,40.80721041
3,2,50,3,1.5,0.2365604882,2.060300484,36.45972283
3,2,50,4,1.992606947,0.258442086,2.116592664,33.07822153
3,2,50,5,1.554365887,0.2752371142,2.147607272,31.24477746
3,2,50,6,1.07511878,0.285645784,2.150316977,31.14047507
3,2,51,0,,0.2011173184,1.920111732,45
3,2,51,1,0.5,0.2071156611,1.920711566,45
3,2,51,2,1,0.2187517809,1.988959812,40.80721041
3,2,51,3,1.5,0.2365604882,2.060300484,36.45972283
3,2,51,4,1.992607006,0.2584420865,2.116592665,33.0782215
3,2,51,5,1.554365694,0.2752371126,2.147607268,31.24477769
3,2,51,6,1.075116955,0.2856457589,2.150316867,31.14048178
3,2,52,0,,0.2011173184,1.920111732,45
3,2,52,1,0.5,0.2071156611,1.920711566,45
3,2,52,2,1,0.2187517809,1.988959812,40.80721041
3,2,52,3,1.5,0.2365604882,2.060300484,36.45972283
3,2,52,4,1.992606977,0.2584420862,2.116592664,33.07822152
3,2,52,5,1.55436578,0.2752371133,2.14760727,31.24477759
3,2,52,6,1.075116938,0.2856457594,2.150316868,31.14048177
3,2,53,0,,0.2011173184,1.920111732,45
3,2,53,1,0.5,0.2071156611,1.920711566,45
3,2,53,2,1,0.2187517809,1.988959812,40.80721041
3,2,53,3,1.5,0.2365604882,2.060300484,36.45972283
3,2,53,4,1.992606855,0.2584420853,2.116592663,33.07822158
3,2,53,5,1.554365847,0.275237113,2.147607271,31.24477753
3,2,53,6,1.075116968,0.2856457596,2.15031687,31.14048163
3,2,54,0,,0.2011173184,1.920111732,45
3,2,54,1,0.5,0.2071156611,1.920711566,45
3,2,54,2,1,0.2187517809,1.988959812,40.80721041
3,2,54,3,1.5,0.2365604882,2.060300484,36.45972283
3,2,54,4,1.992606741,0.2584420843,2.116592662,33.07822164
3,2,54,5,1.554365717,0.2752371107,2.147607267,31.24477774
3,2,54,6,1.075121438,0.285645815,2.15031713,31.14046571
3,2,55,0,,0.2011173184,1.920111732,45
3,2,55,1,0.5,0.2071156611,1.920711566,45
3,2,55,2,1,0.2187517809,1.988959812,40.80721041
3,2,55,3,1.5,0.2365604882,2.060300484,36.45972283
3,2,55,4,1.992606997,0.2584420864,2.116592665,33.07822151
3,2,55,5,1.554365871,0.2752371144,2.147607272,31.24477746
3,2,55,6,1.075117088,0.2856457624,2.150316878,31.14048115
3,2,56,0,,0.2011173184,1.920111732,45
3,2,56,1,0.5,0.2071156611,1.920711566,45
3,2,56,2,1,0.2187517809,1.988959812,40.80721041
3,2,56,3,1.5,0.2365604882,2.060300484,36.45972283
3,2,56,4,1.992606809,0.2584420849,2.116592663,33.0782216
3,2,56,5,1.554365894,0.2752371132,2.147607272,31.24477749
3,2,56,6,1.07511689,0.2856457587,2.150316866,31.14048188
3,2,57,0,,0.2011173184,1.920111732,45
3,2,57,1,0.5,0.2071156611,1.920711566,45
3,2,57,2,1,0.2187517809,1.988959812,40.80721041
3,2,57,3,1.5,0.2365604882,2.060300484,36.45972283
3,2,57,4,1.992606786,0.2584420847,2.116592663,33.07822161
3,2,57,5,1.554365829,0.2752371123,2.14760727,31.24477758
3,2,57,6,1.075117002,0.2856457593,2.150316871,31.14048153
3,2,58,0,,0.2011173184,1.920111732,45
3,2,58,1,0.5,0.2071156611,1.920711566,45
3,2,58,2,1,0.2187517809,1.988959812,40.80721041
3,2,58,3,1.5,0.2365604882,2.060300484,36.45972283
3,2,58,4,1.992611177,0.2584421203,2.116592702,33.07821939
3,2,58,5,1.554365721,0.2752371453,2.147607292,31.24477641
3,2,58,6,1.075117917,0.2856458031,2.150316939,31.1404776
3,2,59,0,,0.2011173184,1.920111732,45
3,2,59,1,0.5,0.2071156611,1.920711566,45
3,2,59,2,1,0.2187517809,1.988959812,40.80721041
3,2,59,3,1.5,0.2365604882,2.060300484,36.45972283
3,2,59,4,1.992606781,0.2584420847,2.116592663,33.07822162
3,2,59,5,1.554365814,0.2752371121,2.14760727,31.2447776
3,2,59,6,1.075113185,0.2856457099,2.150316647,31.14049525
3,2,60,0,,0.2011173184,1.920111732,45
3,2,60,1,0.5,0.2071156611,1.920711566,45
3,2,60,2,1,0.2187517809,1.988959812,40.80721041
3,2,60,3,1.5,0.2365604882,2.060300484,36.45972283
3,2,60,4,1.992606805,0.2584420848,2.116592663,33.0782216
3,2,60,5,1.55436588,0.275237113,2.147607271,31.24477751
3,2,60,6,1.075113202,0.285645711,2.150316649,31.14049513
3,2,61,0,,0.2011173184,1.920111732,45
3,2,61,1,0.5,0.2071156611,1.920711566,45
3,2,61,2,1,0.2187517809,1.988959812,40.80721041
3,2,61,3,1.5,0.2365604882,2.060300484,36.45972283
3,2,61,4,1.992606791,0.2584420847,2.116592663,33.07822161
3,2,61,5,1.554365747,0.2752371115,2.147607268,31.24477768
3,2,61,6,1.07511705,0.2856457591,2.150316873,31.14048143
3,3,42,0,,0.2011173184,1.920111732,45
3,3,42,1,0.5,0.2071156611,1.920711566,45
3,3,42,2,1,0.2187517809,1.988959812,40.80721041
3,3,42,3,1.5,0.2365604882,2.060300484,36.45972283
3,3,42,4,1.992607984,0.2584420944,2.116592673,33.07822101
3,3,42,5,1.58854561,0.2756013552,2.148322394,31.20235887
3,3,42,6,1.08854561,0.2861713006,2.151577044,31.06500539
3,3,43,0,,0.2011173184,1.920111732,45
3,3,43,1,0.5,0.2071156611,1.920711566,45
3,3,43,2,1,0.2187517809,1.988959812,40.80721041
3,3,43,3,1.5,0.2365604882,2.060300484,36.45972283
3,3,43,4,1.992608478,0.2584420984,2.116592678,33.07822076
3,3,43,5,1.588547571,0.2756013797,2.148322436,31.20235638
3,3,43,6,1.088547571,0.2861713495,2.151577184,31.06499693
3,3,44,0,,0.2011173184,1.920111732,45
3,3,44,1,0.5,0.2071156611,1.920711566,45
3,3,44,2,1,0.2187517809,1.988959812,40.80721041
3,3,44,3,1.5,0.2365604882,2.060300484,36.45972283
3,3,44,4,1.992608244,0.2584420965,2.116592676,33.07822088
3,3,44,5,1.588547667,0.2756013789,2.148322437,31.20235633
3,3,44,6,1.088547667,0.28617135,2.15157719,31.06499656
3,3,45,0,,0.2011173184,1.920111732,45
3,3,45,1,0.5,0.2071156611,1.920711566,45
3,3,45,2,1,0.2187517809,1.988959812,40.80721041
3,3,45,3,1.5,0.2365604882,2.060300484,36.45972283
3,3,45,4,1.992608196,0.2584420961,2.116592675,33.0782209
3,3,45,5,1.588547728,0.2756013792,2.148322438,31.20235627
3,3,45,6,1.088547728,0.286171351,2.151577194,31.06499631
3,3,46,0,,0.2011173184,1.920111732,45
3,3,46,1,0.5,0.2071156611,1.920711566,45
3,3,46,2,1,0.2187517809,1.988959812,40.80721041
3,3,46,3,1.5,0.2365604882,2.060300484,36.45972283
3,3,46,4,1.992608341,0.2584420973,2.116592676,33.07822083
3,3,46,5,1.588547879,0.2756013819,2.148322441,31.20235605
3,3,46,6,1.088547879,0.2861713556,2.151577205,31.06499564
3,3,47,0,,0.2011173184,1.920111732,45
3,3,47,1,0.5,0.2071156611,1.920711566,45
3,3,47,2,1,0.2187517809,1.988959812,40.80721041
3,3,47,3,1.5,0.2365604882,2.060300484,36.45972283
3,3,47,4,1.99260821,0.2584420962,2.116592675,33.07822089
3,3,47,5,1.588547613,0.2756013781,2.148322435,31.20235641
3,3,47,6,1.088547613,0.2861713485,2.151577186,31.0649968
3,3,48,0,,0.2011173184,1.920111732,45
3,3,48,1,0.5,0.2071156611,1.920711566,45
3,3,48,2,1,0.2187517809,1.988959812,40.80721041
3,3,48,3,1.5,0.2365604882,2.060300484,36.45972283
3,3,48,4,1.992608112,0.2584420955,2.116592674,33.07822094
3,3,48,5,1.5885477,0.2756013782,2.148322436,31.20235633
3,3,48,6,1.0885477,0.2861713497,2.151577192,31.06499644
3,3,49,0,,0.2011173184,1.920111732,45
3,3,49,1,0.5,0.2071156611,1.920711566,45
3,3,49,2,1,0.2187517809,1.988959812,40.80721041
3,3,49,3,1.5,0.2365604882,2.060300484,36.45972283
3,3,49,4,1.992608426,0.258442098,2.116592677,33.07822078
3,3,49,5,1.588547523,0.2756013788,2.148322435,31.20235645
3,3,49,6,1.088547523,0.286171348,2.15157718,31.06499715
3,3,50,0,,0.2011173184,1.920111732,45
3,3,50,1,0.5,0.2071156611,1.920711566,45
3,3,50,2,1,0.2187517809,1.988959812,40.80721041
3,3,50,3,1.5,0.2365604882,2.060300484,36.45972283
3,3,50,4,1.992609434,0.2584421062,2.116592686,33.07822027
3,3,50,5,1.588547674,0.2756013882,2.148322443,31.20235597
3,3,50,6,1.088547674,0.2861713591,2.151577195,31.06499634
3,3,51,0,,0.2011173184,1.920111732,45
3,3,51,1,0.5,0.2071156611,1.920711566,45
3,3,51,2,1,0.2187517809,1.988959812,40.80721041
3,3,51,3,1.5,0.2365604882,2.060300484,36.45972283
3,3,51,4,1.992608132,0.2584420956,2.116592675,33.07822093
3,3,51,5,1.5885505,0.2756014079,2.148322493,31.20235298
3,3,51,6,1.0885505,0.2861714145,2.15157739,31.06498449
3,3,52,0,,0.2011173184,1.920111732,45
3,3,52,1,0.5,0.2071156611,1.920711566,45
3,3,52,2,1,0.2187517809,1.988959812,40.80721041
3,3,52,3,1.5,0.2365604882,2.060300484,36.45972283
3,3,52,4,1.992608972,0.2584421024,2.116592682,33.07822051
3,3,52,5,1.588549687,0.2756014058,2.148322481,31.20235371
3,3,52,6,1.088549687,0.286171402,2.151577335,31.06498782
3,3,53,0,,0.2011173184,1.920111732,45
3,3,53,1,0.5,0.2071156611,1.920711566,45
3,3,53,2,1,0.2187517809,1.988959812,40.80721041
3,3,53,3,1.5,0.2365604882,2.060300484,36.45972283
3,3,53,4,1.992609768,0.2584421089,2.116592689,33.07822011
3,3,53,5,1.588547709,0.2756013912,2.148322446,31.20235583
3,3,53,6,1.088547709,0.2861713624,2.151577198,31.06499613
3,3,54,0,,0.2011173184,1.920111732,45
3,3,54,1,0.5,0.2071156611,1.920711566,45
3,3,54,2,1,0.2187517809,1.988959812,40.80721041
3,3,54,3,1.5,0.2365604882,2.060300484,36.45972283
3,3,54,4,1.992608371,0.2584420976,2.116592677,33.07822081
3,3,54,5,1.588549317,0.2756013973,2.148322471,31.20235433
3,3,54,6,1.088549317,0.286171389,2.151577307,31.0649895
3,3,55,0,,0.2011173184,1.920111732,45
3,3,55,1,0.5,0.2071156611,1.920711566,45
3,3,55,2,1,0.2187517809,1.988959812,40.80721041
3,3,55,3,1.5,0.2365604882,2.060300484,36.45972283
3,3,55,4,1.992608336,0.2584420973,2.116592676,33.07822083
3,3,55,5,1.588547259,0.2756013753,2.148322429,31.20235679
3,3,55,6,1.088547259,0.2861713412,2.151577161,31.06499829
3,3,56,0,,0.2011173184,1.920111732,45
3,3,56,1,0.5,0.2071156611,1.920711566,45
3,3,56,2,1,0.2187517809,1.988959812,40.80721041
3,3,56,3,1.5,0.2365604882,2.060300484,36.45972283
3,3,56,4,1.992608323,0.2584420972,2.116592676,33.07822084
3,3,56,5,1.588547654,0.2756013794,2.148322437,31.20235633
3,3,56,6,1.088547654,0.2861713503,2.151577189,31.0649966
3,3,57,0,,0.2011173184,1.920111732,45
3,3,57,1,0.5,0.2071156611,1.920711566,45
3,3,57,2,1,0.2187517809,1.988959812,40.80721041
3,3,57,3,1.5,0.2365604882,2.060300484,36.45972283
3,3,57,4,1.992609175,0.2584421041,2.116592684,33.07822041
3,3,57,5,1.58854775,0.275601387,2.148322443,31.20235596
3,3,57,6,1.08854775,0.2861713589,2.151577199,31.06499605
3,3,58,0,,0.2011173184,1.920111732,45
3,3,58,1,0.5,0.2071156611,1.920711566,45
3,3,58,2,1,0.2187517809,1.988959812,40.80721041
3,3,58,3,1.5,0.2365604882,2.060300484,36.45972283
3,3,58,4,1.992608305,0.258442097,2.116592676,33.07822085
3,3,58,5,1.58854765,0.2756013792,2.148322437,31.20235634
3,3,58,6,1.08854765,0.28617135,2.151577189,31.06499663
3,3,59,0,,0.2011173184,1.920111732,45
3,3,59,1,0.5,0.2071156611,1.920711566,45
3,3,59,2,1,0.2187517809,1.988959812,40.80721041
3,3,59,3,1.5,0.2365604882,2.060300484,36.45972283
3,3,59,4,1.99260821,0.2584420962,2.116592675,33.07822089
3,3,59,5,1.588550008,0.2756014033,2.148322484,31.20235355
3,3,59,6,1.088550008,0.2861714037,2.151577355,31.06498657
3,3,60,0,,0.2011173184,1.920111732,45
3,3,60,1,0.5,0.2071156611,1.920711566,45
3,3,60,2,1,0.2187517809,1.988959812,40.80721041
3,3,60,3,1.5,0.2365604882,2.060300484,36.45972283
3,3,60,4,1.992608263,0.2584420967,2.116592676,33.07822087
3,3,60,5,1.58855003,0.2756014039,2.148322484,31.20235351
3,3,60,6,1.08855003,0.2861714046,2.151577357,31.06498647
3,3,61,0,,0.2011173184,1.920111732,45
3,3,61,1,0.5,0.2071156611,1.920711566,45
3,3,61,2,1,0.2187517809,1.988959812,40.80721041
3,3,61,3,1.5,0.2365604882,2.060300484,36.45972283
3,3,61,4,1.992607806,0.258442093,2.116592672,33.0782211
3,3,61,5,1.588547691,0.2756013757,2.148322435,31.20235644
3,3,61,6,1.088547691,0.2861713472,2.15157719,31.06499653
4,1,42,0,,0.2011173184,1.920111732,45
4,1,42,1,0,0.2070057453,1.920700575,45
4,1,42,2,0,0.2127364463,1.921273645,45
4,1,42,3,0,0.2183152447,1.921831524,45
4,1,42,4,0,0.2237476823,1.922374768,45
4,1,42,5,0,0.2290390363,1.922903904,45
4,1,42,6,0,0.2341943346,1.923419433,45
4,1,43,0,,0.2011173184,1.920111732,45
4,1,43,1,0,0.2070057453,1.920700575,45
4,1,43,2,0,0.2127364463,1.921273645,45
4,1,43,3,0,0.2183152447,1.921831524,45
4,1,43,4,0,0.2237476823,1.922374768,45
4,1,43,5,0,0.2290390363,1.922903904,45
4,1,43,6,0,0.2341943346,1.923419433,45
4,1,44,0,,0.2011173184,1.920111732,45
4,1,44,1,0,0.2070057453,1.920700575,45
4,1,44,2,0,0.2127364463,1.921273645,45
4,1,44,3,0,0.2183152447,1.921831524,45
4,1,44,4,0,0.2237476823,1.922374768,45
4,1,44,5,0,0.2290390363,1.922903904,45
4,1,44,6,0,0.2341943346,1.923419433,45
4,1,45,0,,0.2011173184,1.920111732,45
4,1,45,1,0,0.2070057453,1.920700575,45
4,1,45,2,0,0.2127364463,1.921273645,45
4,1,45,3,0,0.2183152447,1.921831524,45
4,1,45,4,0,0.2237476823,1.922374768,45
4,1,45,5,0,0.2290390363,1.922903904,45
4,1,45,6,0,0.2341943346,1.923419433,45
4,1,46,0,,0.2011173184,1.920111732,45
4,1,46,1,0,0.2070057453,1.920700575,45
4,1,46,2,0,0.2127364463,1.921273645,45
4,1,46,3,0,0.2183152447,1.921831524,45
4,1,46,4,0,0.2237476823,1.922374768,45
4,1,46,5,0,0.2290390363,1.922903904,45
4,1,46,6,0,0.2341943346,1.923419433,45
4,1,47,0,,0.2011173184,1.920111732,45
4,1,47,1,0,0.2070057453,1.920700575,45
4,1,47,2,0,0.2127364463,1.921273645,45
4,1,47,3,0,0.2183152447,1.921831524,45
4,1,47,4,0,0.2237476823,1.922374768,45
4,1,47,5,0,0.2290390363,1.922903904,45
4,1,47,6,0,0.2341943346,1.923419433,45
4,1,48,0,,0.2011173184,1.920111732,45
4,1,48,1,0,0.2070057453,1.920700575,45
4,1,48,2,0,0.2127364463,1.921273645,45
4,1,48,3,0,0.2183152447,1.921831524,45
4,1,48,4,0,0.2237476823,1.922374768,45
4,1,48,5,0,0.2290390363,1.922903904,45
4,1,48,6,0,0.2341943346,1.923419433,45
4,1,49,0,,0.2011173184,1.920111732,45
4,1,49,1,0,0.2070057453,1.920700575,45
4,1,49,2,0,0.2127364463,1.921273645,45
4,1,49,3,0,0.2183152447,1.921831524,45
4,1,49,4,0,0.2237476823,1.922374768,45
4,1,49,5,0,0.2290390363,1.922903904,45
4,1,49,6,0,0.2341943346,1.923419433,45
4,1,50,0,,0.2011173184,1.920111732,45
4,1,50,1,0,0.2070057453,1.920700575,45
4,1,50,2,0,0.2127364463,1.921273645,45
4,1,50,3,0,0.2183152447,1.921831524,45
4,1,50,4,0,0.2237476823,1.922374768,45
4,1,50,5,0,0.2290390363,1.922903904,45
4,1,50,6,0,0.2341943346,1.923419433,45
4,1,51,0,,0.2011173184,1.920111732,45
4,1,51,1,0,0.2070057453,1.920700575,45
4,1,51,2,0,0.2127364463,1.921273645,45
4,1,51,3,0,0.2183152447,1.921831524,45
4,1,51,4,0,0.2237476823,1.922374768,45
4,1,51,5,0,0.2290390363,1.922903904,45
4,1,51,6,0,0.2341943346,1.923419433,45
4,1,52,0,,0.2011173184,1.920111732,45
4,1,52,1,0,0.2070057453,1.920700575,45
4,1,52,2,0,0.2127364463,1.921273645,45
4,1,52,3,0,0.2183152447,1.921831524,45
4,1,52,4,0,0.2237476823,1.922374768,45
4,1,52,5,0,0.2290390363,1.922903904,45
4,1,52,6,0,0.2341943346,1.923419433,45
4,1,53,0,,0.2011173184,1.920111732,45
4,1,53,1,0,0.2070057453,1.920700575,45
4,1,53,2,0,0.2127364463,1.921273645,45
4,1,53,3,0,0.2183152447,1.921831524,45
4,1,53,4,0,0.2237476823,1.922374768,45
4,1,53,5,0,0.2290390363,1.922903904,45
4,1,53,6,0,0.2341943346,1.923419433,45
4,1,54,0,,0.2011173184,1.920111732,45
4,1,54,1,0,0.2070057453,1.920700575,45
4,1,54,2,0,0.2127364463,1.921273645,45
4,1,54,3,0,0.2183152447,1.921831524,45
4,1,54,4,0,0.2237476823,1.922374768,45
4,1,54,5,0,0.2290390363,1.922903904,45
4,1,54,6,0,0.2341943346,1.923419433,45
4,1,55,0,,0.2011173184,1.920111732,45
4,1,55,1,0,0.2070057453,1.920700575,45
4,1,55,2,0,0.2127364463,1.921273645,45
4,1,55,3,0,0.2183152447,1.921831524,45
4,1,55,4,0,0.2237476823,1.922374768,45
4,1,55,5,0,0.2290390363,1.922903904,45
4,1,55,6,0,0.2341943346,1.923419433,45
4,1,56,0,,0.2011173184,1.920111732,45
4,1,56,1,0,0.2070057453,1.920700575,45
4,1,56,2,0,0.2127364463,1.921273645,45
4,1,56,3,0,0.2183152447,1.921831524,45
4,1,56,4,0,0.2237476823,1.922374768,45
4,1,56,5,0,0.2290390363,1.922903904,45
4,1,56,6,0,0.2341943346,1.923419433,45
4,1,57,0,,0.2011173184,1.920111732,45
4,1,57,1,0,0.2070057453,1.920700575,45
4,1,57,2,0,0.2127364463,1.921273645,45
4,1,57,3,0,0.2183152447,1.921831524,45
4,1,57,4,0,0.2237476823,1.922374768,45
4,1,57,5,0,0.2290390363,1.922903904,45
4,1,57,6,0,0.2341943346,1.923419433,45
4,1,58,0,,0.2011173184,1.920111732,45
4,1,58,1,0,0.2070057453,1.920700575,45
4,1,58,2,0,0.2127364463,1.921273645,45
4,1,58,3,0,0.2183152447,1.921831524,45
4,1,58,4,0,0.2237476823,1.922374768,45
4,1,58,5,0,0.2290390363,1.922903904,45
4,1,58,6,0,0.2341943346,1.923419433,45
4,1,59,0,,0.2011173184,1.920111732,45
4,1,59,1,0,0.2070057453,1.920700575,45
4,1,59,2,0,0.2127364463,1.921273645,45
4,1,59,3,0,0.2183152447,1.921831524,45
4,1,59,4,0,0.2237476823,1.922374768,45
4,1,59,5,0,0.2290390363,1.922903904,45
4,1,59,6,0,0.2341943346,1.923419433,45
4,1,60,0,,0.2011173184,1.920111732,45
4,1,60,1,0,0.2070057453,1.920700575,45
4,1,60,2,0,0.2127364463,1.921273645,45
4,1,60,3,0,0.2183152447,1.921831524,45
4,1,60,4,0,0.2237476823,1.922374768,45
4,1,60,5,0,0.2290390363,1.922903904,45
4,1,60,6,0,0.2341943346,1.923419433,45
4,1,61,0,,0.2011173184,1.920111732,45
4,1,61,1,0,0.2070057453,1.920700575,45
4,1,61,2,0,0.2127364463,1.921273645,45
4,1,61,3,0,0.2183152447,1.921831524,45
4,1,61,4,0,0.2237476823,1.922374768,45
4,1,61,5,0,0.2290390363,1.922903904,45
4,1,61,6,0,0.2341943346,1.923419433,45
4,2,42,0,,0.2011173184,1.920111732,45
4,2,42,1,0.5,0.2071156611,1.920711566,45
4,2,42,2,1,0.2187517809,1.988959812,40.80721041
4,2,42,3,1.5,0.2365604882,2.060300484,36.45972283
4,2,42,4,1.607033262,0.2548246397,2.111216741,33.39160767
4,2,42,5,1.325229465,0.2691122244,2.137670246,31.82756102
4,2,42,6,1.019152545,0.2789889094,2.140139865,31.73493911
4,2,43,0,,0.2011173184,1.920111732,45
4,2,43,1,0.5,0.2071156611,1.920711566,45
4,2,43,2,1,0.2187517809,1.988959812,40.80721041
4,2,43,3,1.5,0.2365604882,2.060300484,36.45972283
4,2,43,4,1.607033216,0.2548246392,2.11121674,33.39160773
4,2,43,5,1.325229307,0.269112222,2.13767024,31.8275614
4,2,43,6,1.019152682,0.2789889089,2.14013987,31.7349388
4,2,44,0,,0.2011173184,1.920111732,45
4,2,44,1,0.5,0.2071156611,1.920711566,45
4,2,44,2,1,0.2187517809,1.988959812,40.80721041
4,2,44,3,1.5,0.2365604882,2.060300484,36.45972283
4,2,44,4,1.607033072,0.2548246376,2.111216737,33.39160791
4,2,44,5,1.32522925,0.2691122198,2.137670236,31.82756164
4,2,44,6,1.019152688,0.2789889068,2.140139868,31.73493893
4,2,45,0,,0.2011173184,1.920111732,45
4,2,45,1,0.5,0.2071156611,1.920711566,45
4,2,45,2,1,0.2187517809,1.988959812,40.80721041
4,2,45,3,1.5,0.2365604882,2.060300484,36.45972283
4,2,45,4,1.607033258,0.2548246396,2.111216741,33.39160768
4,2,45,5,1.325229477,0.2691122245,2.137670246,31.827561
4,2,45,6,1.019152585,0.27898891,2.140139868,31.73493893
4,2,46,0,,0.2011173184,1.920111732,45
4,2,46,1,0.5,0.2071156611,1.920711566,45
4,2,46,2,1,0.2187517809,1.988959812,40.80721041
4,2,46,3,1.5,0.2365604882,2.060300484,36.45972283
4,2,46,4,1.607033236,0.2548246394,2.111216741,33.39160771
4,2,46,5,1.325229421,0.2691122236,2.137670244,31.82756114
4,2,46,6,1.019152506,0.2789889081,2.140139861,31.73493934
4,2,47,0,,0.2011173184,1.920111732,45
4,2,47,1,0.5,0.2071156611,1.920711566,45
4,2,47,2,1,0.2187517809,1.988959812,40.80721041
4,2,47,3,1.5,0.2365604882,2.060300484,36.45972283
4,2,47,4,1.607033087,0.2548246378,2.111216738,33.39160789
4,2,47,5,1.325229187,0.2691122192,2.137670234,31.82756176
4,2,47,6,1.019152588,0.2789889049,2.14013986,31.73493942
4,2,48,0,,0.2011173184,1.920111732,45
4,2,48,1,0.5,0.2071156611,1.920711566,45
4,2,48,2,1,0.2187517809,1.988959812,40.80721041
4,2,48,3,1.5,0.2365604882,2.060300484,36.45972283
4,2,48,4,1.607033419,0.2548246414,2.111216744,33.39160748
4,2,48,5,1.325229295,0.2691122239,2.137670242,31.82756127
4,2,48,6,1.019152562,0.2789889092,2.140139864,31.73493921
4,2,49,0,,0.2011173184,1.920111732,45
4,2,49,1,0.5,0.2071156611,1.920711566,45
4,2,49,2,1,0.2187517809,1.988959812,40.80721041
4,2,49,3,1.5,0.2365604882,2.060300484,36.45972283
4,2,49,4,1.607033339,0.2548246405,2.111216743,33.39160758
4,2,49,5,1.325229231,0.2691122223,2.137670239,31.82756147
4,2,49,6,1.019152603,0.2789889082,2.140139864,31.73493917
4,2,50,0,,0.2011173184,1.920111732,45
4,2,50,1,0.5,0.2071156611,1.920711566,45
4,2,50,2,1,0.2187517809,1.988959812,40.80721041
4,2,50,3,1.5,0.2365604882,2.060300484,36.45972283
4,2,50,4,1.607033116,0.2548246381,2.111216738,33.39160785
4,2,50,5,1.325229304,0.2691122209,2.137670238,31.82756148
4,2,50,6,1.019152675,0.2789889077,2.140139869,31.73493888
4,2,51,0,,0.2011173184,1.920111732,45
4,2,51,1,0.5,0.2071156611,1.920711566,45
4,2,51,2,1,0.2187517809,1.988959812,40.80721041
4,2,51,3,1.5,0.2365604882,2.060300484,36.45972283
4,2,51,4,1.607033173,0.2548246387,2.111216739,33.39160778
4,2,51,5,1.325222748,0.2691121409,2.137670004,31.82757561
4,2,51,6,1.019154118,0.278988849,2.140139804,31.73494255
4,2,52,0,,0.2011173184,1.920111732,45
4,2,52,1,0.5,0.2071156611,1.920711566,45
4,2,52,2,1,0.2187517809,1.988959812,40.80721041
4,2,52,3,1.5,0.2365604882,2.060300484,36.45972283
4,2,52,4,1.607033318,0.2548246403,2.111216742,33.39160761
4,2,52,5,1.325229473,0.2691122251,2.137670247,31.82756096
4,2,52,6,1.019152639,0.2789889113,2.140139872,31.73493868
4,2,53,0,,0.2011173184,1.920111732,45
4,2,53,1,0.5,0.2071156611,1.920711566,45
4,2,53,2,1,0.2187517809,1.988959812,40.80721041
4,2,53,3,1.5,0.2365604882,2.060300484,36.45972283
4,2,53,4,1.60703326,0.2548246397,2.111216741,33.39160768
4,2,53,5,1.325229266,0.269112222,2.137670239,31.82756145
4,2,53,6,1.019152615,0.278988908,2.140139865,31.73493911
4,2,54,0,,0.2011173184,1.920111732,45
4,2,54,1,0.5,0.2071156611,1.920711566,45
4,2,54,2,1,0.2187517809,1.988959812,40.80721041
4,2,54,3,1.5,0.2365604882,2.060300484,36.45972283
4,2,54,4,1.607033017,0.2548246371,2.111216736,33.39160797
4,2,54,5,1.32522942,0.2691122213,2.137670241,31.82756131
4,2,54,6,1.01915249,0.2789889057,2.140139858,31.73493952
4,2,55,0,,0.2011173184,1.920111732,45
4,2,55,1,0.5,0.2071156611,1.920711566,45
4,2,55,2,1,0.2187517809,1.988959812,40.80721041
4,2,55,3,1.5,0.2365604882,2.060300484,36.45972283
4,2,55,4,1.607033355,0.2548246407,2.111216743,33.39160756
4,2,55,5,1.325229207,0.2691122222,2.137670238,31.82756151
4,2,55,6,1.019152598,0.278988908,2.140139863,31.73493922
4,2,56,0,,0.2011173184,1.920111732,45
4,2,56,1,0.5,0.2071156611,1.920711566,45
4,2,56,2,1,0.2187517809,1.988959812,40.80721041
4,2,56,3,1.5,0.2365604882,2.060300484,36.45972283
4,2,56,4,1.607033099,0.2548246379,2.111216738,33.39160787
4,2,56,5,1.325229134,0.2691122187,2.137670232,31.82756186
4,2,56,6,1.019152798,0.2789889072,2.140139873,31.73493863
4,2,57,0,,0.2011173184,1.920111732,45
4,2,57,1,0.5,0.2071156611,1.920711566,45
4,2,57,2,1,0.2187517809,1.988959812,40.80721041
4,2,57,3,1.5,0.2365604882,2.060300484,36.45972283
4,2,57,4,1.607033308,0.2548246402,2.111216742,33.39160762
4,2,57,5,1.325229398,0.2691122241,2.137670244,31.82756113
4,2,57,6,1.019152547,0.2789889091,2.140139864,31.73493917
4,2,58,0,,0.2011173184,1.920111732,45
4,2,58,1,0.5,0.2071156611,1.920711566,45
4,2,58,2,1,0.2187517809,1.988959812,40.80721041
4,2,58,3,1.5,0.2365604882,2.060300484,36.45972283
4,2,58,4,1.60703339,0.2548246411,2.111216744,33.39160752
4,2,58,5,1.325229348,0.2691122243,2.137670244,31.82756117
4,2,58,6,1.019152487,0.2789889086,2.14013986,31.73493945
4,2,59,0,,0.2011173184,1.920111732,45
4,2,59,1,0.5,0.2071156611,1.920711566,45
4,2,59,2,1,0.2187517809,1.988959812,40.80721041
4,2,59,3,1.5,0.2365604882,2.060300484,36.45972283
4,2,59,4,1.607033405,0.2548246412,2.111216744,33.3916075
4,2,59,5,1.325229077,0.2691122211,2.137670234,31.82756175
4,2,59,6,1.019152666,0.2789889078,2.140139865,31.73493911
4,2,60,0,,0.2011173184,1.920111732,45
4,2,60,1,0.5,0.2071156611,1.920711566,45
4,2,60,2,1,0.2187517809,1.988959812,40.80721041
4,2,60,3,1.5,0.2365604882,2.060300484,36.45972283
4,2,60,4,1.607033283,0.2548246399,2.111216742,33.39160765
4,2,60,5,1.325229493,0.269112225,2.137670247,31.82756094
4,2,60,6,1.019152575,0.2789889103,2.140139868,31.73493893
4,2,61,0,,0.2011173184,1.920111732,45
4,2,61,1,0.5,0.2071156611,1.920711566,45
4,2,61,2,1,0.2187517809,1.988959812,40.80721041
4,2,61,3,1.5,0.2365604882,2.060300484,36.45972283
4,2,61,4,1.607033194,0.254824639,2.11121674,33.39160776
4,2,61,5,1.325229222,0.2691122207,2.137670236,31.8275616
4,2,61,6,1.019152657,0.2789889073,2.140139866,31.73493904
4,3,42,0,,0.2011173184,1.920111732,45
4,3,42,1,0.5,0.2071156611,1.920711566,45
4,3,42,2,1,0.2187517809,1.988959812,40.80721041
4,3,42,3,1.5,0.2365604882,2.060300484,36.45972283
4,3,42,4,1.645470362,0.2552311325,2.111973959,33.34682212
4,3,42,5,1.347750639,0.2697789474,2.138957905,31.75124936
4,3,42,6,1.012574245,0.2795492548,2.140571144,31.71148636
4,3,43,0,,0.2011173184,1.920111732,45
4,3,43,1,0.5,0.2071156611,1.920711566,45
4,3,43,2,1,0.2187517809,1.988959812,40.80721041
4,3,43,3,1.5,0.2365604882,2.060300484,36.45972283
4,3,43,4,1.645470405,0.255231133,2.11197396,33.34682207
4,3,43,5,1.347750511,0.2697789463,2.138957901,31.75124959
4,3,43,6,1.012574185,0.2795492529,2.140571137,31.71148677
4,3,44,0,,0.2011173184,1.920111732,45
4,3,44,1,0.5,0.2071156611,1.920711566,45
4,3,44,2,1,0.2187517809,1.988959812,40.80721041
4,3,44,3,1.5,0.2365604882,2.060300484,36.45972283
4,3,44,4,1.645470338,0.2552311323,2.111973959,33.34682214
4,3,44,5,1.347750498,0.2697789454,2.1389579,31.75124966
4,3,44,6,1.012574452,0.2795492556,2.140571154,31.71148571
4,3,45,0,,0.2011173184,1.920111732,45
4,3,45,1,0.5,0.2071156611,1.920711566,45
4,3,45,2,1,0.2187517809,1.988959812,40.80721041
4,3,45,3,1.5,0.2365604882,2.060300484,36.45972283
4,3,45,4,1.645470255,0.2552311314,2.111973957,33.34682224
4,3,45,5,1.347750533,0.269778945,2.1389579,31.75124965
4,3,45,6,1.012583556,0.2795493735,2.140571771,31.71144793
4,3,46,0,,0.2011173184,1.920111732,45
4,3,46,1,0.5,0.2071156611,1.920711566,45
4,3,46,2,1,0.2187517809,1.988959812,40.80721041
4,3,46,3,1.5,0.2365604882,2.060300484,36.45972283
4,3,46,4,1.645470451,0.2552311334,2.111973961,33.34682202
4,3,46,5,1.347750519,0.2697789468,2.138957902,31.75124954
4,3,46,6,1.012574284,0.2795492547,2.140571144,31.71148632
4,3,47,0,,0.2011173184,1.920111732,45
4,3,47,1,0.5,0.2071156611,1.920711566,45
4,3,47,2,1,0.2187517809,1.988959812,40.80721041
4,3,47,3,1.5,0.2365604882,2.060300484,36.45972283
4,3,47,4,1.645470649,0.2552311355,2.111973965,33.3468218
4,3,47,5,1.347750652,0.2697789504,2.138957909,31.75124912
4,3,47,6,1.012574251,0.2795492578,2.140571147,31.71148618
4,3,48,0,,0.2011173184,1.920111732,45
4,3,48,1,0.5,0.2071156611,1.920711566,45
4,3,48,2,1,0.2187517809,1.988959812,40.80721041
4,3,48,3,1.5,0.2365604882,2.060300484,36.45972283
4,3,48,4,1.645470595,0.2552311349,2.111973964,33.34682186
4,3,48,5,1.347750606,0.2697789493,2.138957907,31.75124926
4,3,48,6,1.01256544,0.2795491421,2.140570549,31.71152283
4,3,49,0,,0.2011173184,1.920111732,45
4,3,49,1,0.5,0.2071156611,1.920711566,45
4,3,49,2,1,0.2187517809,1.988959812,40.80721041
4,3,49,3,1.5,0.2365604882,2.060300484,36.45972283
4,3,49,4,1.645470356,0.2552311324,2.111973959,33.34682212
4,3,49,5,1.347750468,0.2697789452,2.138957899,31.75124971
4,3,49,6,1.01257427,0.279549253,2.140571141,31.7114865
4,3,50,0,,0.2011173184,1.920111732,45
4,3,50,1,0.5,0.2071156611,1.920711566,45
4,3,50,2,1,0.2187517809,1.988959812,40.80721041
4,3,50,3,1.5,0.2365604882,2.060300484,36.45972283
4,3,50,4,1.645470455,0.2552311335,2.111973961,33.34682201
4,3,50,5,1.347750364,0.269778945,2.138957897,31.75124985
4,3,50,6,1.012571754,0.2795492201,2.140570969,31.71149703
4,3,51,0,,0.2011173184,1.920111732,45
4,3,51,1,0.5,0.2071156611,1.920711566,45
4,3,51,2,1,0.2187517809,1.988959812,40.80721041
4,3,51,3,1.5,0.2365604882,2.060300484,36.45972283
4,3,51,4,1.645470497,0.2552311339,2.111973962,33.34682197
4,3,51,5,1.347750499,0.269778947,2.138957902,31.75124955
4,3,51,6,1.012575526,0.2795492711,2.140571228,31.71148118
4,3,52,0,,0.2011173184,1.920111732,45
4,3,52,1,0.5,0.2071156611,1.920711566,45
4,3,52,2,1,0.2187517809,1.988959812,40.80721041
4,3,52,3,1.5,0.2365604882,2.060300484,36.45972283
4,3,52,4,1.645470226,0.2552311311,2.111973957,33.34682227
4,3,52,5,1.347750556,0.269778945,2.138957901,31.75124962
4,3,52,6,1.01257433,0.2795492536,2.140571146,31.71148618
4,3,53,0,,0.2011173184,1.920111732,45
4,3,53,1,0.5,0.2071156611,1.920711566,45
4,3,53,2,1.000000002,0.2187517809,1.988959812,40.8072104
4,3,53,3,1.500000002,0.2365604882,2.060300484,36.45972282
4,3,53,4,1.645470708,0.2552311362,2.111973966,33.34682172
4,3,53,5,1.347750507,0.2697789493,2.138957905,31.75124937
4,3,53,6,1.012574362,0.2795492581,2.140571151,31.7114859
4,3,54,0,,0.2011173184,1.920111732,45
4,3,54,1,0.5,0.2071156611,1.920711566,45
4,3,54,2,1,0.2187517809,1.988959812,40.80721041
4,3,54,3,1.5,0.2365604882,2.060300484,36.45972283
4,3,54,4,1.645470476,0.2552311337,2.111973962,33.34682199
4,3,54,5,1.347750422,0.2697789459,2.138957899,31.75124972
4,3,54,6,1.012574252,0.2795492534,2.14057114,31.71148658
4,3,55,0,,0.2011173184,1.920111732,45
4,3,55,1,0.5,0.2071156611,1.920711566,45
4,3,55,2,1.000000001,0.2187517809,1.988959812,40.80721041
4,3,55,3,1.500000001,0.2365604882,2.060300484,36.45972282
4,3,55,4,1.645470641,0.2552311355,2.111973965,33.3468218
4,3,55,5,1.347750447,0.2697789479,2.138957902,31.75124955
4,3,55,6,1.012574294,0.2795492559,2.140571145,31.71148629
4,3,56,0,,0.2011173184,1.920111732,45
4,3,56,1,0.5,0.2071156611,1.920711566,45
4,3,56,2,1,0.2187517809,1.988959812,40.80721041
4,3,56,3,1.5,0.2365604882,2.060300484,36.45972283
4,3,56,4,1.645470404,0.255231133,2.11197396,33.34682207
4,3,56,5,1.347750551,0.2697789467,2.138957903,31.75124951
4,3,56,6,1.012573652,0.2795492464,2.140571102,31.71148892
4,3,57,0,,0.2011173184,1.920111732,45
4,3,57,1,0.5,0.2071156611,1.920711566,45
4,3,57,2,1.000000002,0.2187517809,1.988959812,40.8072104
4,3,57,3,1.500000002,0.2365604882,2.060300484,36.45972282
4,3,57,4,1.645470486,0.2552311338,2.111973962,33.34682197
4,3,57,5,1.347750496,0.2697789469,2.138957902,31.75124956
4,3,57,6,1.012574511,0.2795492578,2.140571159,31.7114854
4,3,58,0,,0.2011173184,1.920111732,45
4,3,58,1,0.5,0.2071156611,1.920711566,45
4,3,58,2,1,0.2187517809,1.988959812,40.80721041
4,3,58,3,1.5,0.2365604882,2.060300484,36.45972283
4,3,58,4,1.645470484,0.2552311338,2.111973962,33.34682198
4,3,58,5,1.347750435,0.2697789461,2.1389579,31.75124969
4,3,58,6,1.012583714,0.2795493767,2.140571781,31.7114473
4,3,59,0,,0.2011173184,1.920111732,45
4,3,59,1,0.5,0.2071156611,1.920711566,45
4,3,59,2,1,0.2187517809,1.988959812,40.80721041
4,3,59,3,1.5,0.2365604882,2.060300484,36.45972283
4,3,59,4,1.645470239,0.2552311312,2.111973957,33.34682225
4,3,59,5,1.347750694,0.2697789468,2.138957905,31.75124933
4,3,59,6,1.01257404,0.2795492515,2.14057113,31.71148719
4,3,60,0,,0.2011173184,1.920111732,45
4,3,60,1,0.5,0.2071156611,1.920711566,45
4,3,60,2,1.000000002,0.2187517809,1.988959812,40.8072104
4,3,60,3,1.500000002,0.2365604882,2.060300484,36.45972282
4,3,60,4,1.64547059,0.2552311349,2.111973964,33.34682186
4,3,60,5,1.34775037,0.2697789465,2.138957899,31.75124974
4,3,60,6,1.012574467,0.2795492568,2.140571154,31.7114857
4,3,61,0,,0.2011173184,1.920111732,45
4,3,61,1,0.5,0.2071156611,1.920711566,45
4,3,61,2,1,0.2187517809,1.988959812,40.80721041
4,3,61,3,1.5,0.2365604882,2.060300484,36.45972283
4,3,61,4,1.645470593,0.2552311349,2.111973964,33.34682186
4,3,61,5,1.347750556,0.2697789487,2.138957905,31.75124936
4,3,61,6,1.012575036,0.2795492663,2.140571197,31.71148309
6,1,42,0,,0.2011173184,1.920111732,45
6,1,42,1,0,0.2070057453,1.920700575,45
6,1,42,2,0,0.2127364463,1.921273645,45
6,1,42,3,0,0.2183152447,1.921831524,45
6,1,42,4,0,0.2237476823,1.922374768,45
6,1,42,5,0,0.2290390363,1.922903904,45
6,1,42,6,0,0.2341943346,1.923419433,45
6,1,43,0,,0.2011173184,1.920111732,45
6,1,43,1,0,0.2070057453,1.920700575,45
6,1,43,2,0,0.2127364463,1.921273645,45
6,1,43,3,0,0.2183152447,1.921831524,45
6,1,43,4,0,0.2237476823,1.922374768,45
6,1,43,5,0,0.2290390363,1.922903904,45
6,1,43,6,0,0.2341943346,1.923419433,45
6,1,44,0,,0.2011173184,1.920111732,45
6,1,44,1,0,0.2070057453,1.920700575,45
6,1,44,2,0,0.2127364463,1.921273645,45
6,1,44,3,0,0.2183152447,1.921831524,45
6,1,44,4,0,0.2237476823,1.922374768,45
6,1,44,5,0,0.2290390363,1.922903904,45
6,1,44,6,0,0.2341943346,1.923419433,45
6,1,45,0,,0.2011173184,1.920111732,45
6,1,45,1,0,0.2070057453,1.920700575,45
6,1,45,2,0,0.2127364463,1.921273645,45
6,1,45,3,0,0.2183152447,1.921831524,45
6,1,45,4,0,0.2237476823,1.922374768,45
6,1,45,5,0,0.2290390363,1.922903904,45
6,1,45,6,0,0.2341943346,1.923419433,45
6,1,46,0,,0.2011173184,1.920111732,45
6,1,46,1,0,0.2070057453,1.920700575,45
6,1,46,2,0,0.2127364463,1.921273645,45
6,1,46,3,0,0.2183152447,1.921831524,45
6,1,46,4,0,0.2237476823,1.922374768,45
6,1,46,5,0,0.2290390363,1.922903904,45
6,1,46,6,0,0.2341943346,1.923419433,45
6,1,47,0,,0.2011173184,1.920111732,45
6,1,47,1,0,0.2070057453,1.920700575,45
6,1,47,2,0,0.2127364463,1.921273645,45
6,1,47,3,0,0.2183152447,1.921831524,45
6,1,47,4,0,0.2237476823,1.922374768,45
6,1,47,5,0,0.2290390363,1.922903904,45
6,1,47,6,0,0.2341943346,1.923419433,45
6,1,48,0,,0.2011173184,1.920111732,45
6,1,48,1,0,0.2070057453,1.920700575,45
6,1,48,2,0,0.2127364463,1.921273645,45
6,1,48,3,0,0.2183152447,1.921831524,45
6,1,48,4,0,0.2237476823,1.922374768,45
6,1,48,5,0,0.2290390363,1.922903904,45
6,1,48,6,0,0.2341943346,1.923419433,45
6,1,49,0,,0.2011173184,1.920111732,45
6,1,49,1,0,0.2070057453,1.920700575,45
6,1,49,2,0,0.2127364463,1.921273645,45
6,1,49,3,0,0.2183152447,1.921831524,45
6,1,49,4,0,0.2237476823,1.922374768,45
6,1,49,5,0,0.2290390363,1.922903904,45
6,1,49,6,0,0.2341943346,1.923419433,45
6,1,50,0,,0.2011173184,1.920111732,45
6,1,50,1,0,0.2070057453,1.920700575,45
6,1,50,2,0,0.2127364463,1.921273645,45
6,1,50,3,0,0.2183152447,1.921831524,45
6,1,50,4,0,0.2237476823,1.922374768,45
6,1,50,5,0,0.2290390363,1.922903904,45
6,1,50,6,0,0.2341943346,1.923419433,45
6,1,51,0,,0.2011173184,1.920111732,45
6,1,51,1,0,0.2070057453,1.920700575,45
6,1,51,2,0,0.2127364463,1.921273645,45
6,1,51,3,0,0.2183152447,1.921831524,45
6,1,51,4,0,0.2237476823,1.922374768,45
6,1,51,5,0,0.2290390363,1.922903904,45
6,1,51,6,0,0.2341943346,1.923419433,45
6,1,52,0,,0.2011173184,1.920111732,45
6,1,52,1,0,0.2070057453,1.920700575,45
6,1,52,2,0,0.2127364463,1.921273645,45
6,1,52,3,0,0.2183152447,1.921831524,45
6,1,52,4,0,0.2237476823,1.922374768,45
6,1,52,5,0,0.2290390363,1.922903904,45
6,1,52,6,0,0.2341943346,1.923419433,45
6,1,53,0,,0.2011173184,1.920111732,45
6,1,53,1,0,0.2070057453,1.920700575,45
6,1,53,2,0,0.2127364463,1.921273645,45
6,1,53,3,0,0.2183152447,1.921831524,45
6,1,53,4,0,0.2237476823,1.922374768,45
6,1,53,5,0,0.2290390363,1.922903904,45
6,1,53,6,0,0.2341943346,1.923419433,45
6,1,54,0,,0.2011173184,1.920111732,45
6,1,54,1,0,0.2070057453,1.920700575,45
6,1,54,2,0,0.2127364463,1.921273645,45
6,1,54,3,0,0.2183152447,1.921831524,45
6,1,54,4,0,0.2237476823,1.922374768,45
6,1,54,5,0,0.2290390363,1.922903904,45
6,1,54,6,0,0.2341943346,1.923419433,45
6,1,55,0,,0.2011173184,1.920111732,45
6,1,55,1,0,0.2070057453,1.920700575,45
6,1,55,2,0,0.2127364463,1.921273645,45
6,1,55,3,0,0.2183152447,1.921831524,45
6,1,55,4,0,0.2237476823,1.922374768,45
6,1,55,5,0,0.2290390363,1.922903904,45
6,1,55,6,0,0.2341943346,1.923419433,45
6,1,56,0,,0.2011173184,1.920111732,45
6,1,56,1,0,0.2070057453,1.920700575,45
6,1,56,2,0,0.2127364463,1.921273645,45
6,1,56,3,0,0.2183152447,1.921831524,45
6,1,56,4,0,0.2237476823,1.922374768,45
6,1,56,5,0,0.2290390363,1.922903904,45
6,1,56,6,0,0.2341943346,1.923419433,45
6,1,57,0,,0.2011173184,1.920111732,45
6,1,57,1,0,0.2070057453,1.920700575,45
6,1,57,2,0,0.2127364463,1.921273645,45
6,1,57,3,0,0.2183152447,1.921831524,45
6,1,57,4,0,0.2237476823,1.922374768,45
6,1,57,5,0,0.2290390363,1.922903904,45
6,1,57,6,0,0.2341943346,1.923419433,45
6,1,58,0,,0.2011173184,1.920111732,45
6,1,58,1,0,0.2070057453,1.920700575,45
6,1,58,2,0,0.2127364463,1.921273645,45
6,1,58,3,0,0.2183152447,1.921831524,45
6,1,58,4,0,0.2237476823,1.922374768,45
6,1,58,5,0,0.2290390363,1.922903904,45
6,1,58,6,0,0.2341943346,1.923419433,45
6,1,59,0,,0.2011173184,1.920111732,45
6,1,59,1,0,0.2070057453,1.920700575,45
6,1,59,2,0,0.2127364463,1.921273645,45
6,1,59,3,0,0.2183152447,1.921831524,45
6,1,59,4,0,0.2237476823,1.922374768,45
6,1,59,5,0,0.2290390363,1.922903904,45
6,1,59,6,0,0.2341943346,1.923419433,45
6,1,60,0,,0.2011173184,1.920111732,45
6,1,60,1,0,0.2070057453,1.920700575,45
6,1,60,2,0,0.2127364463,1.921273645,45
6,1,60,3,0,0.2183152447,1.921831524,45
6,1,60,4,0,0.2237476823,1.922374768,45
6,1,60,5,0,0.2290390363,1.922903904,45
6,1,60,6,0,0.2341943346,1.923419433,45
6,1,61,0,,0.2011173184,1.920111732,45
6,1,61,1,0,0.2070057453,1.920700575,45
6,1,61,2,0,0.2127364463,1.921273645,45
6,1,61,3,0,0.2183152447,1.921831524,45
6,1,61,4,0,0.2237476823,1.922374768,45
6,1,61,5,0,0.2290390363,1.922903904,45
6,1,61,6,0,0.2341943346,1.923419433,45
6,2,42,0,,0.2011173184,1.920111732,45
6,2,42,1,0.5,0.2071156611,1.920711566,45
6,2,42,2,1,0.2187517809,1.988959812,40.80721041
6,2,42,3,1.403791615,0.2354008225,2.057409621,36.6331538
6,2,42,4,1.256970564,0.2495445092,2.098613443,34.146313
6,2,42,5,1.060646824,0.2605962069,2.116371496,33.10550782
6,2,42,6,0.8888242788,0.2690426286,2.115381215,33.22019048
6,2,43,0,,0.2011173184,1.920111732,45
6,2,43,1,0.5,0.2071156611,1.920711566,45
6,2,43,2,1,0.2187517809,1.988959812,40.80721041
6,2,43,3,1.403791636,0.2354008227,2.057409622,36.63315376
6,2,43,4,1.25697041,0.2495445074,2.098613437,34.14631337
6,2,43,5,1.060646802,0.2605962049,2.11637149,33.10550816
6,2,43,6,0.8888245101,0.2690426296,2.115381232,33.22018944
6,2,44,0,,0.2011173184,1.920111732,45
6,2,44,1,0.5,0.2071156611,1.920711566,45
6,2,44,2,1,0.2187517809,1.988959812,40.80721041
6,2,44,3,1.403791417,0.23540082,2.057409615,36.63315419
6,2,44,4,1.256970492,0.2495445059,2.098613435,34.14631345
6,2,44,5,1.060646914,0.2605962049,2.116371496,33.10550777
6,2,44,6,0.8888245189,0.2690426297,2.115381237,33.22018912
6,2,45,0,,0.2011173184,1.920111732,45
6,2,45,1,0.5,0.2071156611,1.920711566,45
6,2,45,2,1,0.2187517809,1.988959812,40.80721041
6,2,45,3,1.403791234,0.2354008178,2.057409609,36.63315456
6,2,45,4,1.256970556,0.2495445045,2.098613434,34.14631352
6,2,45,5,1.060647073,0.2605962057,2.116371505,33.1055072
6,2,45,6,0.8888253093,0.2690426406,2.115381314,33.22018437
6,2,46,0,,0.2011173184,1.920111732,45
6,2,46,1,0.5,0.2071156611,1.920711566,45
6,2,46,2,1,0.2187517809,1.988959812,40.80721041
6,2,46,3,1.403791544,0.2354008216,2.057409619,36.63315394
6,2,46,4,1.256970294,0.2495445048,2.09861343,34.1463138
6,2,46,5,1.06064688,0.2605962035,2.11637149,33.10550814
6,2,46,6,0.8888249592,0.2690426339,2.115381272,33.22018696
6,2,47,0,,0.2011173184,1.920111732,45
6,2,47,1,0.5,0.2071156611,1.920711566,45
6,2,47,2,1,0.2187517809,1.988959812,40.80721041
6,2,47,3,1.403791576,0.235400822,2.05740962,36.63315388
6,2,47,4,1.256970177,0.2495445037,2.098613425,34.14631406
6,2,47,5,1.06064684,0.2605962018,2.116371485,33.10550848
6,2,47,6,0.8888252148,0.2690426356,2.115381291,33.22018578
6,2,48,0,,0.2011173184,1.920111732,45
6,2,48,1,0.5,0.2071156611,1.920711566,45
6,2,48,2,1,0.2187517809,1.988959812,40.80721041
6,2,48,3,1.403791667,0.2354008231,2.057409623,36.63315369
6,2,48,4,1.256970359,0.2495445072,2.098613435,34.14631346
6,2,48,5,1.060646719,0.2605962035,2.116371484,33.10550854
6,2,48,6,0.8888242251,0.2690426246,2.115381202,33.22019128
6,2,49,0,,0.2011173184,1.920111732,45
6,2,49,1,0.5,0.2071156611,1.920711566,45
6,2,49,2,1,0.2187517809,1.988959812,40.80721041
6,2,49,3,1.403791497,0.235400821,2.057409618,36.63315403
6,2,49,4,1.256970317,0.2495445046,2.09861343,34.1463138
6,2,49,5,1.060646868,0.260596203,2.116371489,33.10550819
6,2,49,6,0.8888250406,0.2690426346,2.115381279,33.22018654
6,2,50,0,,0.2011173184,1.920111732,45
6,2,50,1,0.5,0.2071156611,1.920711566,45
6,2,50,2,1,0.2187517809,1.988959812,40.80721041
6,2,50,3,1.403791517,0.2354008213,2.057409618,36.63315399
6,2,50,4,1.256970616,0.2495445087,2.098613443,34.14631299
6,2,50,5,1.060646697,0.2605962047,2.116371488,33.1055083
6,2,50,6,0.8888242258,0.2690426258,2.115381205,33.22019111
6,2,51,0,,0.2011173184,1.920111732,45
6,2,51,1,0.5,0.2071156611,1.920711566,45
6,2,51,2,1,0.2187517809,1.988959812,40.80721041
6,2,51,3,1.403791321,0.2354008188,2.057409612,36.63315438
6,2,51,4,1.256970339,0.2495445028,2.098613427,34.14631398
6,2,51,5,1.060646779,0.2605962001,2.116371482,33.10550865
6,2,51,6,0.88882431,0.2690426224,2.115381208,33.22019087
6,2,52,0,,0.2011173184,1.920111732,45
6,2,52,1,0.5,0.2071156611,1.920711566,45
6,2,52,2,1,0.2187517809,1.988959812,40.80721041
6,2,52,3,1.403791529,0.2354008214,2.057409619,36.63315397
6,2,52,4,1.256970556,0.249544508,2.098613441,34.14631313
6,2,52,5,1.060646803,0.2605962055,2.116371493,33.10550799
6,2,52,6,0.8888251197,0.269042638,2.115381288,33.22018598
6,2,53,0,,0.2011173184,1.920111732,45
6,2,53,1,0.5,0.2071156611,1.920711566,45
6,2,53,2,1,0.2187517809,1.988959812,40.80721041
6,2,53,3,1.40379166,0.235400823,2.057409623,36.63315371
6,2,53,4,1.256970304,0.2495445063,2.098613433,34.14631362
6,2,53,5,1.060646752,0.2605962032,2.116371484,33.10550852
6,2,53,6,0.8888243901,0.2690426264,2.115381217,33.22019035
6,2,54,0,,0.2011173184,1.920111732,45
6,2,54,1,0.5,0.2071156611,1.920711566,45
6,2,54,2,1,0.2187517809,1.988959812,40.80721041
6,2,54,3,1.403791629,0.2354008227,2.057409622,36.63315377
6,2,54,4,1.256970536,0.249544509,2.098613442,34.14631305
6,2,54,5,1.060646715,0.2605962053,2.116371488,33.10550827
6,2,54,6,0.8888245114,0.26904263,2.115381231,33.22018952
6,2,55,0,,0.2011173184,1.920111732,45
6,2,55,1,0.5,0.2071156611,1.920711566,45
6,2,55,2,1,0.2187517809,1.988959812,40.80721041
6,2,55,3,1.403791568,0.2354008219,2.05740962,36.63315389
6,2,55,4,1.256970485,0.2495445076,2.098613439,34.14631326
6,2,55,5,1.06064686,0.2605962059,2.116371495,33.10550786
6,2,55,6,0.8888243579,0.2690426286,2.115381222,33.22019007
6,2,56,0,,0.2011173184,1.920111732,45
6,2,56,1,0.5,0.2071156611,1.920711566,45
6,2,56,2,1,0.2187517809,1.988959812,40.80721041
6,2,56,3,1.403791362,0.2354008193,2.057409613,36.6331543
6,2,56,4,1.25697061,0.2495445068,2.098613439,34.14631321
6,2,56,5,1.060646951,0.2605962063,2.116371501,33.10550746
6,2,56,6,0.8888244804,0.2690426306,2.115381237,33.22018912
6,2,57,0,,0.2011173184,1.920111732,45
6,2,57,1,0.5,0.2071156611,1.920711566,45
6,2,57,2,1,0.2187517809,1.988959812,40.80721041
6,2,57,3,1.403791399,0.2354008198,2.057409614,36.63315423
6,2,57,4,1.256970374,0.2495445041,2.09861343,34.14631378
6,2,57,5,1.060646718,0.2605962006,2.11637148,33.10550875
6,2,57,6,0.8888243578,0.2690426235,2.115381211,33.22019069
6,2,58,0,,0.2011173184,1.920111732,45
6,2,58,1,0.5,0.2071156611,1.920711566,45
6,2,58,2,1,0.2187517809,1.988959812,40.80721041
6,2,58,3,1.403791471,0.2354008207,2.057409617,36.63315408
6,2,58,4,1.256970338,0.2495445045,2.09861343,34.14631378
6,2,58,5,1.060647035,0.2605962052,2.1163715,33.10550752
6,2,58,6,0.8888250333,0.2690426366,2.115381286,33.22018612
6,2,59,0,,0.2011173184,1.920111732,45
6,2,59,1,0.5,0.2071156611,1.920711566,45
6,2,59,2,1,0.2187517809,1.988959812,40.80721041
6,2,59,3,1.403791448,0.2354008204,2.057409616,36.63315413
6,2,59,4,1.2569704,0.2495445051,2.098613432,34.14631365
6,2,59,5,1.060646736,0.2605962018,2.116371483,33.10550859
6,2,59,6,0.8888251345,0.2690426345,2.115381283,33.22018631
6,2,60,0,,0.2011173184,1.920111732,45
6,2,60,1,0.5,0.2071156611,1.920711566,45
6,2,60,2,1,0.2187517809,1.988959812,40.80721041
6,2,60,3,1.40379164,0.2354008228,2.057409622,36.63315375
6,2,60,4,1.256970546,0.2495445093,2.098613443,34.14631301
6,2,60,5,1.060646777,0.2605962064,2.116371493,33.10550801
6,2,60,6,0.8888243213,0.2690426286,2.115381217,33.22019038
6,2,61,0,,0.2011173184,1.920111732,45
6,2,61,1,0.5,0.2071156611,1.920711566,45
6,2,61,2,1,0.2187517809,1.988959812,40.80721041
6,2,61,3,1.403791523,0.2354008213,2.057409618,36.63315398
6,2,61,4,1.256970448,0.2495445066,2.098613436,34.14631342
6,2,61,5,1.060646844,0.2605962047,2.116371492,33.10550802
6,2,61,6,0.8888252239,0.2690426385,2.115381297,33.22018542
6,3,42,0,,0.2011173184,1.920111732,45
6,3,42,1,0.5,0.2071156611,1.920711566,45
6,3,42,2,1,0.2187517809,1.988959812,40.80721041
6,3,42,3,1.432882806,0.2357581442,2.058345424,36.57689942
6,3,42,4,1.274409088,0.2501140754,2.099983681,34.06423289
6,3,42,5,1.06172874,0.2611614729,2.117373414,33.0464208
6,3,42,6,0.8820418373,0.2695047819,2.115458377,33.21825633
6,3,43,0,,0.2011173184,1.920111732,45
6,3,43,1,0.5,0.2071156611,1.920711566,45
6,3,43,2,1,0.2187517809,1.988959812,40.80721041
6,3,43,3,1.432882731,0.2357581433,2.058345421,36.57689956
6,3,43,4,1.274409157,0.2501140754,2.099983683,34.06423281
6,3,43,5,1.061728676,0.261161472,2.117373411,33.04642099
6,3,43,6,0.8820422734,0.2695047866,2.115458414,33.21825403
6,3,44,0,,0.2011173184,1.920111732,45
6,3,44,1,0.5,0.2071156611,1.920711566,45
6,3,44,2,1,0.2187517809,1.988959812,40.80721041
6,3,44,3,1.432882858,0.2357581448,2.058345425,36.57689932
6,3,44,4,1.274409373,0.2501140797,2.099983694,34.06423211
6,3,44,5,1.061728602,0.2611614752,2.117373415,33.04642081
6,3,44,6,0.8820422607,0.2695047895,2.115458415,33.21825399
6,3,45,0,,0.2011173184,1.920111732,45
6,3,45,1,0.5,0.2071156611,1.920711566,45
6,3,45,2,1,0.2187517809,1.988959812,40.80721041
6,3,45,3,1.432882584,0.2357581415,2.058345417,36.57689984
6,3,45,4,1.274408847,0.2501140697,2.099983667,34.06423377
6,3,45,5,1.061728646,0.2611614661,2.117373398,33.04642176
6,3,45,6,0.8820419235,0.2695047764,2.115458374,33.2182565
6,3,46,0,,0.2011173184,1.920111732,45
6,3,46,1,0.5,0.2071156611,1.920711566,45
6,3,46,2,1,0.2187517809,1.988959812,40.80721041
6,3,46,3,1.43288257,0.2357581413,2.058345416,36.57689986
6,3,46,4,1.274409035,0.250114072,2.099983674,34.06423332
6,3,46,5,1.061728764,0.2611614699,2.117373411,33.04642099
6,3,46,6,0.8820416917,0.2695047771,2.115458361,33.21825727
6,3,47,0,,0.2011173184,1.920111732,45
6,3,47,1,0.5,0.2071156611,1.920711566,45
6,3,47,2,1,0.2187517809,1.988959812,40.80721041
6,3,47,3,1.432882516,0.2357581406,2.058345415,36.57689996
6,3,47,4,1.274409253,0.2501140741,2.099983682,34.06423283
6,3,47,5,1.061728742,0.2611614717,2.117373415,33.04642075
6,3,47,6,0.8820416835,0.2695047787,2.115458364,33.21825715
6,3,48,0,,0.2011173184,1.920111732,45
6,3,48,1,0.5,0.2071156611,1.920711566,45
6,3,48,2,1,0.2187517809,1.988959812,40.80721041
6,3,48,3,1.432882403,0.2357581393,2.058345411,36.57690017
6,3,48,4,1.274409143,0.2501140714,2.099983675,34.06423325
6,3,48,5,1.061728794,0.2611614697,2.117373414,33.04642083
6,3,48,6,0.8820418487,0.2695047789,2.115458378,33.21825627
6,3,49,0,,0.2011173184,1.920111732,45
6,3,49,1,0.5,0.2071156611,1.920711566,45
6,3,49,2,1,0.2187517809,1.988959812,40.80721041
6,3,49,3,1.432882632,0.235758142,2.058345418,36.57689974
6,3,49,4,1.274408787,0.2501140695,2.099983665,34.06423386
6,3,49,5,1.061728778,0.2611614677,2.117373406,33.04642131
6,3,49,6,0.8820435728,0.2695047989,2.115458528,33.218247
6,3,50,0,,0.2011173184,1.920111732,45
6,3,50,1,0.5,0.2071156611,1.920711566,45
6,3,50,2,1,0.2187517809,1.988959812,40.80721041
6,3,50,3,1.432882694,0.2357581428,2.05834542,36.57689963
6,3,50,4,1.274409255,0.2501140762,2.099983686,34.06423261
6,3,50,5,1.061714563,0.2611612845,2.117372522,33.04647539
6,3,50,6,0.88204448,0.2695046327,2.115457992,33.21827948
6,3,51,0,,0.2011173184,1.920111732,45
6,3,51,1,0.5,0.2071156611,1.920711566,45
6,3,51,2,1,0.2187517809,1.988959812,40.80721041
6,3,51,3,1.432882716,0.2357581431,2.058345421,36.57689959
6,3,51,4,1.274409042,0.2501140738,2.099983677,34.06423312
6,3,51,5,1.061728617,0.2611614696,2.117373404,33.04642143
6,3,51,6,0.8820418099,0.2695047784,2.115458367,33.21825692
6,3,52,0,,0.2011173184,1.920111732,45
6,3,52,1,0.5,0.2071156611,1.920711566,45
6,3,52,2,1,0.2187517809,1.988959812,40.80721041
6,3,52,3,1.432882792,0.235758144,2.058345423,36.57689945
6,3,52,4,1.274409287,0.2501140778,2.099983689,34.06423241
6,3,52,5,1.061728615,0.2611614735,2.117373412,33.04642096
6,3,52,6,0.8820420393,0.2695047851,2.115458393,33.21825532
6,3,53,0,,0.2011173184,1.920111732,45
6,3,53,1,0.5,0.2071156611,1.920711566,45
6,3,53,2,1,0.2187517809,1.988959812,40.80721041
6,3,53,3,1.432882424,0.2357581395,2.058345412,36.57690013
6,3,53,4,1.274409067,0.2501140707,2.099983672,34.06423342
6,3,53,5,1.061728733,0.2611614682,2.117373408,33.04642118
6,3,53,6,0.8820417858,0.2695047766,2.115458368,33.21825686
6,3,54,0,,0.2011173184,1.920111732,45
6,3,54,1,0.5,0.2071156611,1.920711566,45
6,3,54,2,1,0.2187517809,1.988959812,40.80721041
6,3,54,3,1.432882554,0.2357581411,2.058345416,36.57689989
6,3,54,4,1.274409281,0.2501140749,2.099983684,34.06423272
6,3,54,5,1.061728641,0.2611614711,2.11737341,33.04642106
6,3,54,6,0.8820417084,0.2695047785,2.115458362,33.21825723
6,3,55,0,,0.2011173184,1.920111732,45
6,3,55,1,0.5,0.2071156611,1.920711566,45
6,3,55,2,1,0.2187517809,1.988959812,40.80721041
6,3,55,3,1.432882575,0.2357581413,2.058345416,36.57689985
6,3,55,4,1.27440915,0.2501140735,2.099983679,34.06423302
6,3,55,5,1.061728683,0.2611614703,2.117373409,33.04642111
6,3,55,6,0.8820416471,0.2695047769,2.115458356,33.21825759
6,3,56,0,,0.2011173184,1.920111732,45
6,3,56,1,0.5,0.2071156611,1.920711566,45
6,3,56,2,1,0.2187517809,1.988959812,40.80721041
6,3,56,3,1.432882655,0.2357581423,2.058345419,36.5768997
6,3,56,4,1.274409184,0.2501140749,2.099983682,34.06423284
6,3,56,5,1.061728966,0.2611614754,2.117373429,33.04641989
6,3,56,6,0.8820417114,0.2695047827,2.115458376,33.2182564
6,3,57,0,,0.2011173184,1.920111732,45
6,3,57,1,0.5,0.2071156611,1.920711566,45
6,3,57,2,1,0.2187517809,1.988959812,40.80721041
6,3,57,3,1.432882448,0.2357581398,2.058345413,36.57690009
6,3,57,4,1.274409341,0.2501140745,2.099983684,34.0642327
6,3,57,5,1.061728633,0.2611614705,2.11737341,33.04642108
6,3,57,6,0.8820421784,0.2695047839,2.115458405,33.21825462
6,3,58,0,,0.2011173184,1.920111732,45
6,3,58,1,0.5,0.2071156611,1.920711566,45
6,3,58,2,1,0.2187517809,1.988959812,40.80721041
6,3,58,3,1.4328823,0.235758138,2.058345408,36.57690037
6,3,58,4,1.274409309,0.2501140723,2.09998368,34.06423296
6,3,58,5,1.061728927,0.2611614724,2.117373425,33.04642012
6,3,58,6,0.8820422571,0.2695047867,2.115458423,33.2182535
6,3,59,0,,0.2011173184,1.920111732,45
6,3,59,1,0.5,0.2071156611,1.920711566,45
6,3,59,2,1,0.2187517809,1.988959812,40.80721041
6,3,59,3,1.432882657,0.2357581424,2.058345419,36.5768997
6,3,59,4,1.27444415,0.2501145253,2.099985136,34.0641448
6,3,59,5,1.061723897,0.2611618434,2.117374109,33.04637973
6,3,59,6,0.8820359818,0.269505067,2.115458324,33.21826141
6,3,60,0,,0.2011173184,1.920111732,45
6,3,60,1,0.5,0.2071156611,1.920711566,45
6,3,60,2,1,0.2187517809,1.988959812,40.80721041
6,3,60,3,1.432882723,0.2357581432,2.058345421,36.57689957
6,3,60,4,1.274409073,0.2501140742,2.099983679,34.06423303
6,3,60,5,1.061728668,0.2611614708,2.117373408,33.04642118
6,3,60,6,0.8820416367,0.2695047773,2.115458354,33.21825771
6,3,61,0,,0.2011173184,1.920111732,45
6,3,61,1,0.5,0.2071156611,1.920711566,45
6,3,61,2,1,0.2187517809,1.988959812,40.80721041
6,3,61,3,1.432882777,0.2357581438,2.058345423,36.57689947
6,3,61,4,1.274409051,0.2501140746,2.099983679,34.06423302
6,3,61,5,1.061728831,0.2611614733,2.117373419,33.04642054
6,3,61,6,0.8820417778,0.2695047815,2.115458375,33.21825648
6,6,42,0,,0.2011173184,1.920111732,45
6,6,42,1,0.5,0.2071156611,1.920711566,45
6,6,42,2,1,0.2187517809,1.988959812,40.80721041
6,6,42,3,1.449930084,0.2359648798,2.058868107,36.54552384
6,6,42,4,1.281447648,0.2504036444,2.100626077,34.025893
6,6,42,5,1.059609257,0.2614132521,2.117675629,33.02910604
6,6,42,6,0.8987762625,0.2699629795,2.117148644,33.11547837
6,6,43,0,,0.2011173184,1.920111732,45
6,6,43,1,0.5,0.2071156611,1.920711566,45
6,6,43,2,1,0.2187517809,1.988959812,40.80721041
6,6,43,3,1.449930326,0.2359648827,2.058868114,36.5455234
6,6,43,4,1.281447781,0.2504036489,2.100626087,34.02589238
6,6,43,5,1.059609183,0.2614132555,2.117675631,33.02910591
6,6,43,6,0.8987800642,0.2699630316,2.117148977,33.11545786
6,6,44,0,,0.2011173184,1.920111732,45
6,6,44,1,0.5,0.2071156611,1.920711566,45
6,6,44,2,1,0.2187517809,1.988959812,40.80721041
6,6,44,3,1.449930414,0.2359648838,2.058868117,36.54552324
6,6,44,4,1.28144784,0.2504036507,2.100626091,34.02589213
6,6,44,5,1.059609247,0.2614132581,2.117675638,33.02910549
6,6,44,6,0.8987764283,0.2699629874,2.117148665,33.11547712
6,6,45,0,,0.2011173184,1.920111732,45
6,6,45,1,0.5,0.2071156611,1.920711566,45
6,6,45,2,1,0.2187517809,1.988959812,40.80721041
6,6,45,3,1.449930701,0.2359648873,2.058868125,36.54552272
6,6,45,4,1.281447716,0.2504036525,2.100626092,34.02589209
6,6,45,5,1.059609264,0.26141326,2.117675639,33.02910541
6,6,45,6,0.8987651374,0.2699628445,2.11714768,33.11553776
6,6,46,0,,0.2011173184,1.920111732,45
6,6,46,1,0.5,0.2071156611,1.920711566,45
6,6,46,2,1,0.2187517809,1.988959812,40.80721041
6,6,46,3,1.44994013,0.2359650011,2.058868409,36.54550568
6,6,46,4,1.281447137,0.2504037546,2.100626259,34.02588227
6,6,46,5,1.059607563,0.2614133361,2.117675644,33.02910562
6,6,46,6,0.8987747863,0.2699630421,2.117148522,33.11548637
6,6,47,0,,0.2011173184,1.920111732,45
6,6,47,1,0.5,0.2071156611,1.920711566,45
6,6,47,2,1,0.2187517809,1.988959812,40.80721041
6,6,47,3,1.449930593,0.235964886,2.058868122,36.54552292
6,6,47,4,1.281447827,0.2504036526,2.100626094,34.02589194
6,6,47,5,1.059609294,0.2614132606,2.117675643,33.02910519
6,6,47,6,0.8987760983,0.2699629856,2.11714864,33.11547869
6,6,48,0,,0.2011173184,1.920111732,45
6,6,48,1,0.5,0.2071156611,1.920711566,45
6,6,48,2,1,0.2187517809,1.988959812,40.80721041
6,6,48,3,1.449930357,0.2359648831,2.058868115,36.54552334
6,6,48,4,1.281447686,0.2504036481,2.100626084,34.02589258
6,6,48,5,1.059609307,0.2614132563,2.117675637,33.02910556
6,6,48,6,0.8987649386,0.2699628384,2.117147661,33.11553892
6,6,49,0,,0.2011173184,1.920111732,45
6,6,49,1,0.5,0.2071156611,1.920711566,45
6,6,49,2,1,0.2187517809,1.988959812,40.80721041
6,6,49,3,1.449930647,0.2359648866,2.058868124,36.54552282
6,6,49,4,1.281445394,0.250403622,2.100625996,34.02589791
6,6,49,5,1.059609586,0.2614132348,2.117675594,33.02910811
6,6,49,6,0.8987804979,0.2699630171,2.11714899,33.115457
6,6,50,0,,0.2011173184,1.920111732,45
6,6,50,1,0.5,0.2071156611,1.920711566,45
6,6,50,2,1,0.2187517809,1.988959812,40.80721041
6,6,50,3,1.449930542,0.2359648854,2.05886812,36.54552301
6,6,50,4,1.28144774,0.2504036509,2.10062609,34.02589222
6,6,50,5,1.059609258,0.2614132584,2.117675638,33.02910552
6,6,50,6,0.8987761727,0.2699629845,2.117148642,33.11547851
6,6,51,0,,0.2011173184,1.920111732,45
6,6,51,1,0.5,0.2071156611,1.920711566,45
6,6,51,2,1,0.2187517809,1.988959812,40.80721041
6,6,51,3,1.449930443,0.2359648842,2.058868117,36.54552319
6,6,51,4,1.281447802,0.2504036506,2.10062609,34.02589219
6,6,51,5,1.059609269,0.2614132582,2.117675639,33.02910545
6,6,51,6,0.8987761786,0.2699629844,2.117148644,33.11547843
6,6,52,0,,0.2011173184,1.920111732,45
6,6,52,1,0.5,0.2071156611,1.920711566,45
6,6,52,2,1,0.2187517809,1.988959812,40.80721041
6,6,52,3,1.449930201,0.2359648812,2.05886811,36.54552363
6,6,52,4,1.281447911,0.2504036492,2.10062609,34.0258922
6,6,52,5,1.059609275,0.2614132569,2.117675639,33.02910543
6,6,52,6,0.8987791837,0.2699630217,2.117148906,33.11546226
6,6,53,0,,0.2011173184,1.920111732,45
6,6,53,1,0.5,0.2071156611,1.920711566,45
6,6,53,2,1,0.2187517809,1.988959812,40.80721041
6,6,53,3,1.449930157,0.2359648807,2.058868109,36.54552371
6,6,53,4,1.281447879,0.2504036482,2.100626087,34.02589234
6,6,53,5,1.059609315,0.2614132566,2.11767564,33.02910536
6,6,53,6,0.8987761833,0.2699629828,2.117148645,33.11547834
6,6,54,0,,0.2011173184,1.920111732,45
6,6,54,1,0.5,0.2071156611,1.920711566,45
6,6,54,2,1,0.2187517809,1.988959812,40.80721041
6,6,54,3,1.449930395,0.2359648836,2.058868116,36.54552328
6,6,54,4,1.281447717,0.2504036489,2.100626086,34.02589245
6,6,54,5,1.059609275,0.2614132567,2.117675636,33.0291056
6,6,54,6,0.8987755586,0.269962975,2.117148588,33.11548187
6,6,55,0,,0.2011173184,1.920111732,45
6,6,55,1,0.5,0.2071156611,1.920711566,45
6,6,55,2,1,0.2187517809,1.988959812,40.80721041
6,6,55,3,1.449930306,0.2359648825,2.058868113,36.54552344
6,6,55,4,1.281447373,0.2504036435,2.10062607,34.02589341
6,6,55,5,1.059609344,0.2614132523,2.117675629,33.02910599
6,6,55,6,0.8987762611,0.2699629797,2.117148644,33.11547834
6,6,56,0,,0.2011173184,1.920111732,45
6,6,56,1,0.5,0.2071156611,1.920711566,45
6,6,56,2,1,0.2187517809,1.988959812,40.80721041
6,6,56,3,1.449940894,0.2359650103,2.058868432,36.5455043
6,6,56,4,1.281446989,0.2504037616,2.100626269,34.02588172
6,6,56,5,1.059607414,0.2614133408,2.117675641,33.02910585
6,6,56,6,0.898774767,0.2699630464,2.117148518,33.11548666
6,6,57,0,,0.2011173184,1.920111732,45
6,6,57,1,0.5,0.2071156611,1.920711566,45
6,6,57,2,1,0.2187517809,1.988959812,40.80721041
6,6,57,3,1.449931672,0.235964899,2.058868154,36.54552097
6,6,57,4,1.281447362,0.2504036592,2.100626097,34.02589181
6,6,57,5,1.059609112,0.2614132645,2.117675633,33.02910584
6,6,57,6,0.8987761566,0.2699629902,2.117148637,33.11547885
6,6,58,0,,0.2011173184,1.920111732,45
6,6,58,1,0.5,0.2071156611,1.920711566,45
6,6,58,2,1,0.2187517809,1.988959812,40.80721041
6,6,58,3,1.449932558,0.2359649097,2.058868181,36.54551937
6,6,58,4,1.281447594,0.2504036725,2.100626124,34.02589018
6,6,58,5,1.059608875,0.2614132741,2.117675637,33.02910568
6,6,58,6,0.8987758975,0.2699629962,2.117148617,33.11548017
6,6,59,0,,0.2011173184,1.920111732,45
6,6,59,1,0.5,0.2071156611,1.920711566,45
6,6,59,2,1,0.2187517809,1.988959812,40.80721041
6,6,59,3,1.449930461,0.2359648844,2.058868118,36.54552316
6,6,59,4,1.281462955,0.2504038454,2.100626711,34.0258546
6,6,59,5,1.059606937,0.2614134155,2.117675918,33.029089
6,6,59,6,0.8987624547,0.2699629611,2.117147636,33.11554123
6,6,60,0,,0.2011173184,1.920111732,45
6,6,60,1,0.5,0.2071156611,1.920711566,45
6,6,60,2,1,0.2187517809,1.988959812,40.80721041
6,6,60,3,1.449930575,0.2359648858,2.058868121,36.54552295
6,6,60,4,1.281448128,0.2504036563,2.100626106,34.02589122
6,6,60,5,1.059609236,0.2614132633,2.117675648,33.02910493
6,6,60,6,0.8987797172,0.2699630347,2.117148958,33.11545906
6,6,61,0,,0.2011173184,1.920111732,45
6,6,61,1,0.5,0.2071156611,1.920711566,45
6,6,61,2,1,0.2187517809,1.988959812,40.80721041
6,6,61,3,1.449930673,0.2359648869,2.058868124,36.54552277
6,6,61,4,1.281448021,0.250403656,2.100626104,34.02589137
6,6,61,5,1.059609143,0.2614132618,2.11767564,33.02910539
6,6,61,6,0.8987800443,0.2699630375,2.117148982,33.11545763
8,1,42,0,,0.2011173184,1.920111732,45
8,1,42,1,0,0.2070057453,1.920700575,45
8,1,42,2,0,0.2127364463,1.921273645,45
8,1,42,3,0,0.2183152447,1.921831524,45
8,1,42,4,0,0.2237476823,1.922374768,45
8,1,42,5,0,0.2290390363,1.922903904,45
8,1,42,6,0,0.2341943346,1.923419433,45
8,1,43,0,,0.2011173184,1.920111732,45
8,1,43,1,0,0.2070057453,1.920700575,45
8,1,43,2,0,0.2127364463,1.921273645,45
8,1,43,3,0,0.2183152447,1.921831524,45
8,1,43,4,0,0.2237476823,1.922374768,45
8,1,43,5,0,0.2290390363,1.922903904,45
8,1,43,6,0,0.2341943346,1.923419433,45
8,1,44,0,,0.2011173184,1.920111732,45
8,1,44,1,0,0.2070057453,1.920700575,45
8,1,44,2,0,0.2127364463,1.921273645,45
8,1,44,3,0,0.2183152447,1.921831524,45
8,1,44,4,0,0.2237476823,1.922374768,45
8,1,44,5,0,0.2290390363,1.922903904,45
8,1,44,6,0,0.2341943346,1.923419433,45
8,1,45,0,,0.2011173184,1.920111732,45
8,1,45,1,0,0.2070057453,1.920700575,45
8,1,45,2,0,0.2127364463,1.921273645,45
8,1,45,3,0,0.2183152447,1.921831524,45
8,1,45,4,0,0.2237476823,1.922374768,45
8,1,45,5,0,0.2290390363,1.922903904,45
8,1,45,6,0,0.2341943346,1.923419433,45
8,1,46,0,,0.2011173184,1.920111732,45
8,1,46,1,0,0.2070057453,1.920700575,45
8,1,46,2,0,0.2127364463,1.921273645,45
8,1,46,3,0,0.2183152447,1.921831524,45
8,1,46,4,0,0.2237476823,1.922374768,45
8,1,46,5,0,0.2290390363,1.922903904,45
8,1,46,6,0,0.2341943346,1.923419433,45
8,1,47,0,,0.2011173184,1.920111732,45
8,1,47,1,0,0.2070057453,1.920700575,45
8,1,47,2,0,0.2127364463,1.921273645,45
8,1,47,3,0,0.2183152447,1.921831524,45
8,1,47,4,0,0.2237476823,1.922374768,45
8,1,47,5,0,0.2290390363,1.922903904,45
8,1,47,6,0,0.2341943346,1.923419433,45
8,1,48,0,,0.2011173184,1.920111732,45
8,1,48,1,0,0.2070057453,1.920700575,45
8,1,48,2,0,0.2127364463,1.921273645,45
8,1,48,3,0,0.2183152447,1.921831524,45
8,1,48,4,0,0.2237476823,1.922374768,45
8,1,48,5,0,0.2290390363,1.922903904,45
8,1,48,6,0,0.2341943346,1.923419433,45
8,1,49,0,,0.2011173184,1.920111732,45
8,1,49,1,0,0.2070057453,1.920700575,45
8,1,49,2,0,0.2127364463,1.921273645,45
8,1,49,3,0,0.2183152447,1.921831524,45
8,1,49,4,0,0.2237476823,1.922374768,45
8,1,49,5,0,0.2290390363,1.922903904,45
8,1,49,6,0,0.2341943346,1.923419433,45
8,1,50,0,,0.2011173184,1.920111732,45
8,1,50,1,0,0.2070057453,1.920700575,45
8,1,50,2,0,0.2127364463,1.921273645,45
8,1,50,3,0,0.2183152447,1.921831524,45
8,1,50,4,0,0.2237476823,1.922374768,45
8,1,50,5,0,0.2290390363,1.922903904,45
8,1,50,6,0,0.2341943346,1.923419433,45
8,1,51,0,,0.2011173184,1.920111732,45
8,1,51,1,0,0.2070057453,1.920700575,45
8,1,51,2,0,0.2127364463,1.921273645,45
8,1,51,3,0,0.2183152447,1.921831524,45
8,1,51,4,0,0.2237476823,1.922374768,45
8,1,51,5,0,0.2290390363,1.922903904,45
8,1,51,6,0,0.2341943346,1.923419433,45
8,1,52,0,,0.2011173184,1.920111732,45
8,1,52,1,0,0.2070057453,1.920700575,45
8,1,52,2,0,0.2127364463,1.921273645,45
8,1,52,3,0,0.2183152447,1.921831524,45
8,1,52,4,0,0.2237476823,1.922374768,45
8,1,52,5,0,0.2290390363,1.922903904,45
8,1,52,6,0,0.2341943346,1.923419433,45
8,1,53,0,,0.2011173184,1.920111732,45
8,1,53,1,0,0.2070057453,1.920700575,45
8,1,53,2,0,0.2127364463,1.921273645,45
8,1,53,3,0,0.2183152447,1.921831524,45
8,1,53,4,0,0.2237476823,1.922374768,45
8,1,53,5,0,0.2290390363,1.922903904,45
8,1,53,6,0,0.2341943346,1.923419433,45
8,1,54,0,,0.2011173184,1.920111732,45
8,1,54,1,0,0.2070057453,1.920700575,45
8,1,54,2,0,0.2127364463,1.921273645,45
8,1,54,3,0,0.2183152447,1.921831524,45
8,1,54,4,0,0.2237476823,1.922374768,45
8,1,54,5,0,0.2290390363,1.922903904,45
8,1,54,6,0,0.2341943346,1.923419433,45
8,1,55,0,,0.2011173184,1.920111732,45
8,1,55,1,0,0.2070057453,1.920700575,45
8,1,55,2,0,0.2127364463,1.921273645,45
8,1,55,3,0,0.2183152447,1.921831524,45
8,1,55,4,0,0.2237476823,1.922374768,45
8,1,55,5,0,0.2290390363,1.922903904,45
8,1,55,6,0,0.2341943346,1.923419433,45
8,1,56,0,,0.2011173184,1.920111732,45
8,1,56,1,0,0.2070057453,1.920700575,45
8,1,56,2,0,0.2127364463,1.921273645,45
8,1,56,3,0,0.2183152447,1.921831524,45
8,1,56,4,0,0.2237476823,1.922374768,45
8,1,56,5,0,0.2290390363,1.922903904,45
8,1,56,6,0,0.2341943346,1.923419433,45
8,1,57,0,,0.2011173184,1.920111732,45
8,1,57,1,0,0.2070057453,1.920700575,45
8,1,57,2,0,0.2127364463,1.921273645,45
8,1,57,3,0,0.2183152447,1.921831524,45
8,1,57,4,0,0.2237476823,1.922374768,45
8,1,57,5,0,0.2290390363,1.922903904,45
8,1,57,6,0,0.2341943346,1.923419433,45
8,1,58,0,,0.2011173184,1.920111732,45
8,1,58,1,0,0.2070057453,1.920700575,45
8,1,58,2,0,0.2127364463,1.921273645,45
8,1,58,3,0,0.2183152447,1.921831524,45
8,1,58,4,0,0.2237476823,1.922374768,45
8,1,58,5,0,0.2290390363,1.922903904,45
8,1,58,6,0,0.2341943346,1.923419433,45
8,1,59,0,,0.2011173184,1.920111732,45
8,1,59,1,0,0.2070057453,1.920700575,45
8,1,59,2,0,0.2127364463,1.921273645,45
8,1,59,3,0,0.2183152447,1.921831524,45
8,1,59,4,0,0.2237476823,1.922374768,45
8,1,59,5,0,0.2290390363,1.922903904,45
8,1,59,6,0,0.2341943346,1.923419433,45
8,1,60,0,,0.2011173184,1.920111732,45
8,1,60,1,0,0.2070057453,1.920700575,45
8,1,60,2,0,0.2127364463,1.921273645,45
8,1,60,3,0,0.2183152447,1.921831524,45
8,1,60,4,0,0.2237476823,1.922374768,45
8,1,60,5,0,0.2290390363,1.922903904,45
8,1,60,6,0,0.2341943346,1.923419433,45
8,1,61,0,,0.2011173184,1.920111732,45
8,1,61,1,0,0.2070057453,1.920700575,45
8,1,61,2,0,0.2127364463,1.921273645,45
8,1,61,3,0,0.2183152447,1.921831524,45
8,1,61,4,0,0.2237476823,1.922374768,45
8,1,61,5,0,0.2290390363,1.922903904,45
8,1,61,6,0,0.2341943346,1.923419433,45
8,2,42,0,,0.2011173184,1.920111732,45
8,2,42,1,0.5,0.2071156611,1.920711566,45
8,2,42,2,1,0.2187517809,1.988959812,40.80721041
8,2,42,3,1.174133898,0.2324028181,2.047662201,37.22363006
8,2,42,4,1.044516248,0.2438053238,2.080360799,35.25123332
8,2,42,5,0.9132445919,0.2530732044,2.092767395,34.53374531
8,2,42,6,0.7975960153,0.2605952624,2.08989422,34.76033164
8,2,43,0,,0.2011173184,1.920111732,45
8,2,43,1,0.5,0.2071156611,1.920711566,45
8,2,43,2,1,0.2187517809,1.988959812,40.80721041
8,2,43,3,1.174133916,0.2324028183,2.047662202,37.22363
8,2,43,4,1.044516401,0.2438053261,2.08036081,35.25123264
8,2,43,5,0.9132536478,0.2530733261,2.092768192,34.53369626
8,2,43,6,0.7975946551,0.2605953642,2.089894633,34.76030646
8,2,44,0,,0.2011173184,1.920111732,45
8,2,44,1,0.5,0.2071156611,1.920711566,45
8,2,44,2,1,0.2187517809,1.988959812,40.80721041
8,2,44,3,1.174133861,0.2324028176,2.047662199,37.22363018
8,2,44,4,1.044516395,0.2438053253,2.080360808,35.25123279
8,2,44,5,0.9132535531,0.2530733241,2.092768183,34.53369687
8,2,44,6,0.7975945671,0.2605953611,2.089894616,34.76030748
8,2,45,0,,0.2011173184,1.920111732,45
8,2,45,1,0.5,0.2071156611,1.920711566,45
8,2,45,2,1,0.2187517809,1.988959812,40.80721041
8,2,45,3,1.17413365,0.2324028147,2.047662188,37.22363086
8,2,45,4,1.044516205,0.2438053199,2.080360787,35.25123404
8,2,45,5,0.9132537602,0.2530733216,2.092768186,34.53369662
8,2,45,6,0.7975947678,0.2605953612,2.089894641,34.76030594
8,2,46,0,,0.2011173184,1.920111732,45
8,2,46,1,0.5,0.2071156611,1.920711566,45
8,2,46,2,1,0.2187517809,1.988959812,40.80721041
8,2,46,3,1.174134049,0.2324028202,2.047662209,37.22362957
8,2,46,4,1.044516029,0.2438053227,2.08036079,35.25123389
8,2,46,5,0.9132443769,0.2530732006,2.09276737,34.53374687
8,2,46,6,0.7975961306,0.2605952601,2.089894215,34.76033195
8,2,47,0,,0.2011173184,1.920111732,45
8,2,47,1,0.5,0.2071156611,1.920711566,45
8,2,47,2,1,0.2187517809,1.988959812,40.80721041
8,2,47,3,1.17413359,0.2324028139,2.047662184,37.22363106
8,2,47,4,1.044516332,0.2438053209,2.080360794,35.25123365
8,2,47,5,0.9132536819,0.2530733215,2.092768184,34.53369677
8,2,47,6,0.797594391,0.2605953565,2.089894598,34.76030859
8,2,48,0,,0.2011173184,1.920111732,45
8,2,48,1,0.5,0.2071156611,1.920711566,45
8,2,48,2,1,0.2187517809,1.988959812,40.80721041
8,2,48,3,1.174133664,0.2324028149,2.047662188,37.22363082
8,2,48,4,1.04451624,0.2438053206,2.08036079,35.25123387
8,2,48,5,0.9132519538,0.2530732984,2.092768031,34.53370619
8,2,48,6,0.7975948798,0.26059534,2.089894544,34.76031189
8,2,49,0,,0.2011173184,1.920111732,45
8,2,49,1,0.5,0.2071156611,1.920711566,45
8,2,49,2,1,0.2187517809,1.988959812,40.80721041
8,2,49,3,1.174133903,0.2324028182,2.047662201,37.22363004
8,2,49,4,1.04451618,0.2438053229,2.080360795,35.25123359
8,2,49,5,0.9132536567,0.2530733231,2.092768182,34.53369687
8,2,49,6,0.7975947797,0.2605953628,2.08989464,34.76030604
8,2,50,0,,0.2011173184,1.920111732,45
8,2,50,1,0.5,0.2071156611,1.920711566,45
8,2,50,2,1,0.2187517809,1.988959812,40.80721041
8,2,50,3,1.1741338,0.2324028168,2.047662196,37.22363038
8,2,50,4,1.044516102,0.2438053205,2.080360786,35.25123414
8,2,50,5,0.9132537372,0.2530733219,2.092768183,34.53369681
8,2,50,6,0.7975937539,0.2605953491,2.089894528,34.76031293
8,2,51,0,,0.2011173184,1.920111732,45
8,2,51,1,0.5,0.2071156611,1.920711566,45
8,2,51,2,1,0.2187517809,1.988959812,40.80721041
8,2,51,3,1.174133886,0.2324028179,2.0476622,37.2236301
8,2,51,4,1.044515992,0.2438053201,2.080360782,35.2512344
8,2,51,5,0.9132491251,0.2530732607,2.092767778,34.53372174
8,2,51,6,0.797595243,0.2605953077,2.089894405,34.76032034
8,2,52,0,,0.2011173184,1.920111732,45
8,2,52,1,0.5,0.2071156611,1.920711566,45
8,2,52,2,1,0.2187517809,1.988959812,40.80721041
8,2,52,3,1.174133955,0.2324028189,2.047662204,37.22362987
8,2,52,4,1.04451634,0.2438053258,2.080360808,35.25123281
8,2,52,5,0.9132523147,0.2530733082,2.092768074,34.53370353
8,2,52,6,0.7975946501,0.2605953467,2.089894549,34.76031159
8,2,53,0,,0.2011173184,1.920111732,45
8,2,53,1,0.5,0.2071156611,1.920711566,45
8,2,53,2,1,0.2187517809,1.988959812,40.80721041
8,2,53,3,1.174133756,0.2324028162,2.047662193,37.22363052
8,2,53,4,1.044516135,0.2438053203,2.080360786,35.2512341
8,2,53,5,0.9132537043,0.2530733213,2.092768181,34.53369696
8,2,53,6,0.7975947174,0.2605953602,2.089894632,34.76030652
8,2,54,0,,0.2011173184,1.920111732,45
8,2,54,1,0.5,0.2071156611,1.920711566,45
8,2,54,2,1,0.2187517809,1.988959812,40.80721041
8,2,54,3,1.174133967,0.232402819,2.047662205,37.22362984
8,2,54,4,1.044515986,0.2438053211,2.080360784,35.25123425
8,2,54,5,0.913253794,0.2530733232,2.092768187,34.53369659
8,2,54,6,0.7975945571,0.2605953601,2.089894618,34.76030735
8,2,55,0,,0.2011173184,1.920111732,45
8,2,55,1,0.5,0.2071156611,1.920711566,45
8,2,55,2,1,0.2187517809,1.988959812,40.80721041
8,2,55,3,1.17413375,0.2324028161,2.047662193,37.22363054
8,2,55,4,1.044516181,0.2438053209,2.080360789,35.25123392
8,2,55,5,0.9132534717,0.2530733188,2.092768162,34.53369809
8,2,55,6,0.7975947494,0.2605953582,2.089894622,34.7603071
8,2,56,0,,0.2011173184,1.920111732,45
8,2,56,1,0.5,0.2071156611,1.920711566,45
8,2,56,2,1,0.2187517809,1.988959812,40.80721041
8,2,56,3,1.174133982,0.2324028193,2.047662205,37.22362978
8,2,56,4,1.044516474,0.243805328,2.080360818,35.25123219
8,2,56,5,0.913253428,0.253073325,2.092768178,34.53369713
8,2,56,6,0.7975946913,0.2605953635,2.089894627,34.76030683
8,2,57,0,,0.2011173184,1.920111732,45
8,2,57,1,0.5,0.2071156611,1.920711566,45
8,2,57,2,1,0.2187517809,1.988959812,40.80721041
8,2,57,3,1.174133949,0.2324028188,2.047662204,37.22362989
8,2,57,4,1.044516086,0.2438053222,2.08036079,35.25123388
8,2,57,5,0.9132538342,0.2530733248,2.092768195,34.53369612
8,2,57,6,0.7975947111,0.2605953636,2.089894641,34.76030598
8,2,58,0,,0.2011173184,1.920111732,45
8,2,58,1,0.5,0.2071156611,1.920711566,45
8,2,58,2,1,0.2187517809,1.988959812,40.80721041
8,2,58,3,1.174134023,0.2324028198,2.047662208,37.22362965
8,2,58,4,1.044516074,0.243805323,2.080360792,35.25123376
8,2,58,5,0.9132538114,0.2530733253,2.092768194,34.53369616
8,2,58,6,0.7975944615,0.260595361,2.089894613,34.7603077
8,2,59,0,,0.2011173184,1.920111732,45
8,2,59,1,0.5,0.2071156611,1.920711566,45
8,2,59,2,1,0.2187517809,1.988959812,40.80721041
8,2,59,3,1.174133989,0.2324028193,2.047662206,37.22362976
8,2,59,4,1.044516204,0.2438053244,2.0803608,35.2512333
8,2,59,5,0.9132535395,0.253073323,2.092768176,34.53369729
8,2,59,6,0.7975943499,0.2605953574,2.089894588,34.76030925
8,2,60,0,,0.2011173184,1.920111732,45
8,2,60,1,0.5,0.2071156611,1.920711566,45
8,2,60,2,1,0.2187517809,1.988959812,40.80721041
8,2,60,3,1.174133779,0.2324028165,2.047662195,37.22363045
8,2,60,4,1.044516335,0.2438053234,2.080360801,35.25123322
8,2,60,5,0.913253668,0.2530733238,2.092768188,34.53369655
8,2,60,6,0.7975945057,0.26059536,2.089894613,34.76030767
8,2,61,0,,0.2011173184,1.920111732,45
8,2,61,1,0.5,0.2071156611,1.920711566,45
8,2,61,2,1,0.2187517809,1.988959812,40.80721041
8,2,61,3,1.174134121,0.2324028211,2.047662213,37.22362934
8,2,61,4,1.044516073,0.2438053243,2.080360796,35.25123355
8,2,61,5,0.913253795,0.2530733263,2.092768195,34.5336961
8,2,61,6,0.7975945222,0.2605953627,2.08989462,34.76030725
8,3,42,0,,0.2011173184,1.920111732,45
8,3,42,1,0.5,0.2071156611,1.920711566,45
8,3,42,2,1,0.2187517809,1.988959812,40.80721041
8,3,42,3,1.186494921,0.2325708641,2.048312847,37.18401497
8,3,42,4,1.049404998,0.2440344952,2.081139319,35.20400814
8,3,42,5,0.9129053702,0.2532908818,2.093278477,34.5031632
8,3,42,6,0.7949158688,0.2607742216,2.089956547,34.7575547
8,3,43,0,,0.2011173184,1.920111732,45
8,3,43,1,0.5,0.2071156611,1.920711566,45
8,3,43,2,1,0.2187517809,1.988959812,40.80721041
8,3,43,3,1.186491886,0.232570823,2.048312689,37.18402457
8,3,43,4,1.049405438,0.2440344614,2.08113924,35.20401289
8,3,43,5,0.9129061394,0.2532908592,2.093278489,34.50316229
8,3,43,6,0.794916231,0.260774204,2.089956596,34.75755152
8,3,44,0,,0.2011173184,1.920111732,45
8,3,44,1,0.5,0.2071156611,1.920711566,45
8,3,44,2,1,0.2187517809,1.988959812,40.80721041
8,3,44,3,1.186491712,0.2325708206,2.04831268,37.18402512
8,3,44,4,1.049405164,0.2440344554,2.081139215,35.20401439
8,3,44,5,0.9129061427,0.2532908534,2.093278472,34.5031633
8,3,44,6,0.7949162998,0.2607741992,2.089956592,34.75755175
8,3,45,0,,0.2011173184,1.920111732,45
8,3,45,1,0.5,0.2071156611,1.920711566,45
8,3,45,2,1,0.2187517809,1.988959812,40.80721041
8,3,45,3,1.186491874,0.2325708228,2.048312688,37.18402461
8,3,45,4,1.049405272,0.244034459,2.081139228,35.2040136
8,3,45,5,0.9129058284,0.2532908528,2.093278454,34.50316445
8,3,45,6,0.7949166851,0.2607742033,2.089956621,34.75754994
8,3,46,0,,0.2011173184,1.920111732,45
8,3,46,1,0.5,0.2071156611,1.920711566,45
8,3,46,2,1,0.2187517809,1.988959812,40.80721041
8,3,46,3,1.186491733,0.2325708209,2.048312681,37.18402506
8,3,46,4,1.049405185,0.2440344559,2.081139217,35.20401426
8,3,46,5,0.9129060997,0.2532908534,2.09327847,34.50316345
8,3,46,6,0.7949161711,0.2607741976,2.089956576,34.75755273
8,3,47,0,,0.2011173184,1.920111732,45
8,3,47,1,0.5,0.2071156611,1.920711566,45
8,3,47,2,1,0.2187517809,1.988959812,40.80721041
8,3,47,3,1.186494956,0.2325708646,2.048312849,37.18401487
8,3,47,4,1.049404808,0.244034493,2.081139308,35.20400885
8,3,47,5,0.9129054677,0.253290881,2.093278477,34.50316317
8,3,47,6,0.7949165131,0.2607742286,2.089956618,34.7575503
8,3,48,0,,0.2011173184,1.920111732,45
8,3,48,1,0.5,0.2071156611,1.920711566,45
8,3,48,2,1,0.2187517809,1.988959812,40.80721041
8,3,48,3,1.18649442,0.2325708573,2.048312821,37.18401656
8,3,48,4,1.049404959,0.2440344881,2.081139299,35.20400938
8,3,48,5,0.9129056383,0.2532908785,2.093278486,34.50316261
8,3,48,6,0.794915998,0.2607742199,2.089956568,34.7575534
8,3,49,0,,0.2011173184,1.920111732,45
8,3,49,1,0.5,0.2071156611,1.920711566,45
8,3,49,2,1,0.2187517809,1.988959812,40.80721041
8,3,49,3,1.18649198,0.2325708242,2.048312694,37.18402428
8,3,49,4,1.049405215,0.2440344596,2.081139228,35.2040136
8,3,49,5,0.9129059615,0.2532908551,2.093278466,34.50316374
8,3,49,6,0.794916467,0.2607742029,2.089956605,34.75755093
8,3,50,0,,0.2011173184,1.920111732,45
8,3,50,1,0.5,0.2071156611,1.920711566,45
8,3,50,2,1,0.2187517809,1.988959812,40.80721041
8,3,50,3,1.186491786,0.2325708216,2.048312684,37.18402489
8,3,50,4,1.049405167,0.2440344564,2.081139218,35.20401422
8,3,50,5,0.9129077703,0.2532908758,2.093278616,34.50315445
8,3,50,6,0.7949163338,0.2607742214,2.089956697,34.75754532
8,3,51,0,,0.2011173184,1.920111732,45
8,3,51,1,0.5,0.2071156611,1.920711566,45
8,3,51,2,1,0.2187517809,1.988959812,40.80721041
8,3,51,3,1.186491823,0.2325708221,2.048312686,37.18402478
8,3,51,4,1.049405201,0.2440344573,2.081139222,35.204014
8,3,51,5,0.9129058957,0.2532908521,2.093278455,34.50316436
8,3,51,6,0.7949161413,0.260774196,2.089956562,34.75755357
8,3,52,0,,0.2011173184,1.920111732,45
8,3,52,1,0.5,0.2071156611,1.920711566,45
8,3,52,2,1,0.2187517809,1.988959812,40.80721041
8,3,52,3,1.186492249,0.2325708279,2.048312708,37.18402343
8,3,52,4,1.049405175,0.2440344625,2.081139235,35.20401319
8,3,52,5,0.9129058724,0.2532908568,2.093278463,34.50316393
8,3,52,6,0.7949165812,0.2607742059,2.089956616,34.7575503
8,3,53,0,,0.2011173184,1.920111732,45
8,3,53,1,0.5,0.2071156611,1.920711566,45
8,3,53,2,1,0.2187517809,1.988959812,40.80721041
8,3,53,3,1.186492105,0.2325708259,2.0483127,37.18402388
8,3,53,4,1.049405166,0.2440344605,2.08113923,35.20401353
8,3,53,5,0.9129060604,0.2532908573,2.093278475,34.50316316
8,3,53,6,0.7949165571,0.2607742062,2.089956622,34.75754992
8,3,54,0,,0.2011173184,1.920111732,45
8,3,54,1,0.5,0.2071156611,1.920711566,45
8,3,54,2,1,0.2187517809,1.988959812,40.80721041
8,3,54,3,1.186491703,0.2325708205,2.04831268,37.18402515
8,3,54,4,1.049405317,0.2440344573,2.081139225,35.20401378
8,3,54,5,0.9129060123,0.2532908536,2.093278468,34.50316358
8,3,54,6,0.7949170604,0.2607742086,2.089956672,34.75754678
8,3,55,0,,0.2011173184,1.920111732,45
8,3,55,1,0.5,0.2071156611,1.920711566,45
8,3,55,2,1,0.2187517809,1.988959812,40.80721041
8,3,55,3,1.186492195,0.2325708272,2.048312705,37.1840236
8,3,55,4,1.049405395,0.2440344648,2.081139248,35.2040124
8,3,55,5,0.9129058999,0.2532908594,2.093278474,34.50316324
8,3,55,6,0.7949169128,0.2607742125,2.08995666,34.75754756
8,3,56,0,,0.2011173184,1.920111732,45
8,3,56,1,0.5,0.2071156611,1.920711566,45
8,3,56,2,1,0.2187517809,1.988959812,40.80721041
8,3,56,3,1.18649113,0.2325708127,2.04831265,37.18402697
8,3,56,4,1.049405249,0.2440344489,2.0811392,35.2040153
8,3,56,5,0.9129060471,0.2532908459,2.093278454,34.50316443
8,3,56,6,0.7949165269,0.2607741946,2.089956604,34.75755098
8,3,57,0,,0.2011173184,1.920111732,45
8,3,57,1,0.5,0.2071156611,1.920711566,45
8,3,57,2,1,0.2187517809,1.988959812,40.80721041
8,3,57,3,1.186491804,0.2325708218,2.048312685,37.18402483
8,3,57,4,1.049405226,0.2440344574,2.081139223,35.20401394
8,3,57,5,0.9129059184,0.2532908524,2.093278458,34.5031642
8,3,57,6,0.7949170543,0.2607742074,2.089956665,34.75754726
8,3,58,0,,0.2011173184,1.920111732,45
8,3,58,1,0.5,0.2071156611,1.920711566,45
8,3,58,2,1,0.2187517809,1.988959812,40.80721041
8,3,58,3,1.186491818,0.232570822,2.048312686,37.18402479
8,3,58,4,1.049405317,0.2440344588,2.081139229,35.20401353
8,3,58,5,0.9129060436,0.2532908555,2.093278474,34.50316324
8,3,58,6,0.7949162768,0.2607742009,2.08995659,34.75755187
8,3,59,0,,0.2011173184,1.920111732,45
8,3,59,1,0.5,0.2071156611,1.920711566,45
8,3,59,2,1,0.2187517809,1.988959812,40.80721041
8,3,59,3,1.18649212,0.2325708261,2.048312701,37.18402384
8,3,59,4,1.049405182,0.2440344609,2.081139231,35.20401344
8,3,59,5,0.9129058623,0.2532908551,2.093278459,34.50316416
8,3,59,6,0.7949176191,0.2607742169,2.089956727,34.7575434
8,3,60,0,,0.2011173184,1.920111732,45
8,3,60,1,0.5,0.2071156611,1.920711566,45
8,3,60,2,1,0.2187517809,1.988959812,40.80721041
8,3,60,3,1.186491766,0.2325708213,2.048312683,37.18402495
8,3,60,4,1.049405265,0.2440344574,2.081139224,35.20401386
8,3,60,5,0.9129060141,0.2532908537,2.093278467,34.50316363
8,3,60,6,0.7949162353,0.2607741987,2.089956581,34.75755242
8,3,61,0,,0.2011173184,1.920111732,45
8,3,61,1,0.5,0.2071156611,1.920711566,45
8,3,61,2,1,0.2187517809,1.988959812,40.80721041
8,3,61,3,1.186495251,0.2325708686,2.048312864,37.18401393
8,3,61,4,1.049404996,0.2440344995,2.081139331,35.20400743
8,3,61,5,0.9129055202,0.253290888,2.093278498,34.50316192
8,3,61,6,0.7949163784,0.2607742338,2.089956618,34.75755035
12,1,42,0,,0.2011173184,1.920111732,45
12,1,42,1,0,0.2070057453,1.920700575,45
12,1,42,2,0,0.2127364463,1.921273645,45
12,1,42,3,0,0.2183152447,1.921831524,45
12,1,42,4,0,0.2237476823,1.922374768,45
12,1,42,5,0,0.2290390363,1.922903904,45
12,1,42,6,0,0.2341943346,1.923419433,45
12,1,43,0,,0.2011173184,1.920111732,45
12,1,43,1,0,0.2070057453,1.920700575,45
12,1,43,2,0,0.2127364463,1.921273645,45
12,1,43,3,0,0.2183152447,1.921831524,45
12,1,43,4,0,0.2237476823,1.922374768,45
12,1,43,5,0,0.2290390363,1.922903904,45
12,1,43,6,0,0.2341943346,1.923419433,45
12,1,44,0,,0.2011173184,1.920111732,45
12,1,44,1,0,0.2070057453,1.920700575,45
12,1,44,2,0,0.2127364463,1.921273645,45
12,1,44,3,0,0.2183152447,1.921831524,45
12,1,44,4,0,0.2237476823,1.922374768,45
12,1,44,5,0,0.2290390363,1.922903904,45
12,1,44,6,0,0.2341943346,1.923419433,45
12,1,45,0,,0.2011173184,1.920111732,45
12,1,45,1,0,0.2070057453,1.920700575,45
12,1,45,2,0,0.2127364463,1.921273645,45
12,1,45,3,0,0.2183152447,1.921831524,45
12,1,45,4,0,0.2237476823,1.922374768,45
12,1,45,5,0,0.2290390363,1.922903904,45
12,1,45,6,0,0.2341943346,1.923419433,45
12,1,46,0,,0.2011173184,1.920111732,45
12,1,46,1,0,0.2070057453,1.920700575,45
12,1,46,2,0,0.2127364463,1.921273645,45
12,1,46,3,0,0.2183152447,1.921831524,45
12,1,46,4,0,0.2237476823,1.922374768,45
12,1,46,5,0,0.2290390363,1.922903904,45
12,1,46,6,0,0.2341943346,1.923419433,45
12,1,47,0,,0.2011173184,1.920111732,45
12,1,47,1,0,0.2070057453,1.920700575,45
12,1,47,2,0,0.2127364463,1.921273645,45
12,1,47,3,0,0.2183152447,1.921831524,45
12,1,47,4,0,0.2237476823,1.922374768,45
12,1,47,5,0,0.2290390363,1.922903904,45
12,1,47,6,0,0.2341943346,1.923419433,45
12,1,48,0,,0.2011173184,1.920111732,45
12,1,48,1,0,0.2070057453,1.920700575,45
12,1,48,2,0,0.2127364463,1.921273645,45
12,1,48,3,0,0.2183152447,1.921831524,45
12,1,48,4,0,0.2237476823,1.922374768,45
12,1,48,5,0,0.2290390363,1.922903904,45
12,1,48,6,0,0.2341943346,1.923419433,45
12,1,49,0,,0.2011173184,1.920111732,45
12,1,49,1,0,0.2070057453,1.920700575,45
12,1,49,2,0,0.2127364463,1.921273645,45
12,1,49,3,0,0.2183152447,1.921831524,45
12,1,49,4,0,0.2237476823,1.922374768,45
12,1,49,5,0,0.2290390363,1.922903904,45
12,1,49,6,0,0.2341943346,1.923419433,45
12,1,50,0,,0.2011173184,1.920111732,45
12,1,50,1,0,0.2070057453,1.920700575,45
12,1,50,2,0,0.2127364463,1.921273645,45
12,1,50,3,0,0.2183152447,1.921831524,45
12,1,50,4,0,0.2237476823,1.922374768,45
12,1,50,5,0,0.2290390363,1.922903904,45
12,1,50,6,0,0.2341943346,1.923419433,45
12,1,51,0,,0.2011173184,1.920111732,45
12,1,51,1,0,0.2070057453,1.920700575,45
12,1,51,2,0,0.2127364463,1.921273645,45
12,1,51,3,0,0.2183152447,1.921831524,45
12,1,51,4,0,0.2237476823,1.922374768,45
12,1,51,5,0,0.2290390363,1.922903904,45
12,1,51,6,0,0.2341943346,1.923419433,45
12,1,52,0,,0.2011173184,1.920111732,45
12,1,52,1,0,0.2070057453,1.920700575,45
12,1,52,2,0,0.2127364463,1.921273645,45
12,1,52,3,0,0.2183152447,1.921831524,45
12,1,52,4,0,0.2237476823,1.922374768,45
12,1,52,5,0,0.2290390363,1.922903904,45
12,1,52,6,0,0.2341943346,1.923419433,45
12,1,53,0,,0.2011173184,1.920111732,45
12,1,53,1,0,0.2070057453,1.920700575,45
12,1,53,2,0,0.2127364463,1.921273645,45
12,1,53,3,0,0.2183152447,1.921831524,45
12,1,53,4,0,0.2237476823,1.922374768,45
12,1,53,5,0,0.2290390363,1.922903904,45
12,1,53,6,0,0.2341943346,1.923419433,45
12,1,54,0,,0.2011173184,1.920111732,45
12,1,54,1,0,0.2070057453,1.920700575,45
12,1,54,2,0,0.2127364463,1.921273645,45
12,1,54,3,0,0.2183152447,1.921831524,45
12,1,54,4,0,0.2237476823,1.922374768,45
12,1,54,5,0,0.2290390363,1.922903904,45
12,1,54,6,0,0.2341943346,1.923419433,45
12,1,55,0,,0.2011173184,1.920111732,45
12,1,55,1,0,0.2070057453,1.920700575,45
12,1,55,2,0,0.2127364463,1.921273645,45
12,1,55,3,0,0.2183152447,1.921831524,45
12,1,55,4,0,0.2237476823,1.922374768,45
12,1,55,5,0,0.2290390363,1.922903904,45
12,1,55,6,0,0.2341943346,1.923419433,45
12,1,56,0,,0.2011173184,1.920111732,45
12,1,56,1,0,0.2070057453,1.920700575,45
12,1,56,2,0,0.2127364463,1.921273645,45
12,1,56,3,0,0.2183152447,1.921831524,45
12,1,56,4,0,0.2237476823,1.922374768,45
12,1,56,5,0,0.2290390363,1.922903904,45
12,1,56,6,0,0.2341943346,1.923419433,45
12,1,57,0,,0.2011173184,1.920111732,45
12,1,57,1,0,0.2070057453,1.920700575,45
12,1,57,2,0,0.2127364463,1.921273645,45
12,1,57,3,0,0.2183152447,1.921831524,45
12,1,57,4,0,0.2237476823,1.922374768,45
12,1,57,5,0,0.2290390363,1.922903904,45
12,1,57,6,0,0.2341943346,1.923419433,45
12,1,58,0,,0.2011173184,1.920111732,45
12,1,58,1,0,0.2070057453,1.920700575,45
12,1,58,2,0,0.2127364463,1.921273645,45
12,1,58,3,0,0.2183152447,1.921831524,45
12,1,58,4,0,0.2237476823,1.922374768,45
12,1,58,5,0,0.2290390363,1.922903904,45
12,1,58,6,0,0.2341943346,1.923419433,45
12,1,59,0,,0.2011173184,1.920111732,45
12,1,59,1,0,0.2070057453,1.920700575,45
12,1,59,2,0,0.2127364463,1.921273645,45
12,1,59,3,0,0.2183152447,1.921831524,45
12,1,59,4,0,0.2237476823,1.922374768,45
12,1,59,5,0,0.2290390363,1.922903904,45
12,1,59,6,0,0.2341943346,1.923419433,45
12,1,60,0,,0.2011173184,1.920111732,45
12,1,60,1,0,0.2070057453,1.920700575,45
12,1,60,2,0,0.2127364463,1.921273645,45
12,1,60,3,0,0.2183152447,1.921831524,45
12,1,60,4,0,0.2237476823,1.922374768,45
12,1,60,5,0,0.2290390363,1.922903904,45
12,1,60,6,0,0.2341943346,1.923419433,45
12,1,61,0,,0.2011173184,1.920111732,45
12,1,61,1,0,0.2070057453,1.920700575,45
12,1,61,2,0,0.2127364463,1.921273645,45
12,1,61,3,0,0.2183152447,1.921831524,45
12,1,61,4,0,0.2237476823,1.922374768,45
12,1,61,5,0,0.2290390363,1.922903904,45
12,1,61,6,0,0.2341943346,1.923419433,45
12,2,42,0,,0.2011173184,1.920111732,45
12,2,42,1,0.3704398324,0.2065577424,1.920655774,45
12,2,42,2,0.8704398324,0.2164134821,1.977344072,41.51857976
12,2,42,3,0.8810228798,0.2261013492,2.018093032,39.03231893
12,2,42,4,0.7984860969,0.2344151306,2.037872895,37.84803862
12,2,42,5,0.7223554668,0.2415709804,2.042369917,37.61169881
12,2,42,6,0.6505327934,0.2477558121,2.035353497,38.08888026
12,2,43,0,,0.2011173184,1.920111732,45
12,2,43,1,0.3704398324,0.2065577424,1.920655774,45
12,2,43,2,0.8704398324,0.2164134821,1.977344072,41.51857976
12,2,43,3,0.8810228796,0.2261013492,2.018093032,39.03231893
12,2,43,4,0.7984868498,0.2344151401,2.037872981,37.84803332
12,2,43,5,0.7223552336,0.241570987,2.042369947,37.61169697
12,2,43,6,0.6505326573,0.2477558171,2.035353498,38.08888024
12,2,44,0,,0.2011173184,1.920111732,45
12,2,44,1,0.3704398325,0.2065577424,1.920655774,45
12,2,44,2,0.8704398325,0.2164134821,1.977344072,41.51857976
12,2,44,3,0.8810232006,0.2261013536,2.018093063,39.03231699
12,2,44,4,0.798485687,0.2344151296,2.037872871,37.84804015
12,2,44,5,0.7223557715,0.241570983,2.04236994,37.61169741
12,2,44,6,0.6505330258,0.2477558169,2.035353548,38.0888771
12,2,45,0,,0.2011173184,1.920111732,45
12,2,45,1,0.3704398324,0.2065577424,1.920655774,45
12,2,45,2,0.8704398324,0.2164134821,1.977344072,41.51857976
12,2,45,3,0.8810226797,0.2261013465,2.018093012,39.03232014
12,2,45,4,0.7984860627,0.2344151275,2.037872877,37.8480397
12,2,45,5,0.7223554646,0.2415709774,2.042369904,37.61169959
12,2,45,6,0.6505330045,0.2477558113,2.03535352,38.08887883
12,2,46,0,,0.2011173184,1.920111732,45
12,2,46,1,0.3704398324,0.2065577424,1.920655774,45
12,2,46,2,0.8704398324,0.2164134821,1.977344072,41.51857976
12,2,46,3,0.8810228599,0.226101349,2.01809303,39.03231905
12,2,46,4,0.7984863816,0.2344151339,2.037872926,37.8480367
12,2,46,5,0.7223555133,0.2415709842,2.042369945,37.61169707
12,2,46,6,0.6505328765,0.2477558166,2.03535353,38.08887826
12,2,47,0,,0.2011173184,1.920111732,45
12,2,47,1,0.3704398325,0.2065577424,1.920655774,45
12,2,47,2,0.8704398325,0.2164134821,1.977344072,41.51857976
12,2,47,3,0.8810229497,0.2261013502,2.018093039,39.03231851
12,2,47,4,0.798485857,0.2344151285,2.037872873,37.84804001
12,2,47,5,0.7223559283,0.2415709837,2.042369962,37.61169603
12,2,47,6,0.6505328936,0.2477558162,2.035353544,38.08887736
12,2,48,0,,0.2011173184,1.920111732,45
12,2,48,1,0.3704398324,0.2065577424,1.920655774,45
12,2,48,2,0.8704398324,0.2164134821,1.977344072,41.51857976
12,2,48,3,0.8810224796,0.2261013438,2.018092993,39.03232134
12,2,48,4,0.7984869738,0.2344151364,2.037872967,37.84803414
12,2,48,5,0.722355606,0.2415709877,2.042369987,37.61169451
12,2,48,6,0.6505327777,0.247755819,2.035353544,38.08887737
12,2,49,0,,0.2011173184,1.920111732,45
12,2,49,1,0.3704398324,0.2065577424,1.920655774,45
12,2,49,2,0.8704398324,0.2164134821,1.977344072,41.51857976
12,2,49,3,0.8810227296,0.2261013472,2.018093017,39.03231983
12,2,49,4,0.7984858237,0.2344151252,2.037872854,37.84804117
12,2,49,5,0.7223557366,0.2415709783,2.042369923,37.61169841
12,2,49,6,0.6505329118,0.2477558111,2.035353519,38.08887887
12,2,50,0,,0.2011173184,1.920111732,45
12,2,50,1,0.3704398324,0.2065577424,1.920655774,45
12,2,50,2,0.8704398324,0.2164134821,1.977344072,41.51857976
12,2,50,3,0.8810229966,0.2261013508,2.018093043,39.03231822
12,2,50,4,0.7984856564,0.2344151266,2.037872853,37.84804122
12,2,50,5,0.7223555767,0.2415709778,2.042369902,37.61169975
12,2,50,6,0.6505331062,0.2477558126,2.035353533,38.088878
12,2,51,0,,0.2011173184,1.920111732,45
12,2,51,1,0.3704398324,0.2065577424,1.920655774,45
12,2,51,2,0.8704398324,0.2164134821,1.977344072,41.51857976
12,2,51,3,0.8810226376,0.226101346,2.018093008,39.03232039
12,2,51,4,0.7984857099,0.2344151226,2.037872834,37.84804236
12,2,51,5,0.7223556308,0.2415709745,2.042369896,37.61170011
12,2,51,6,0.6505330715,0.2477558091,2.035353524,38.08887857
12,2,52,0,,0.2011173184,1.920111732,45
12,2,52,1,0.3704398324,0.2065577424,1.920655774,45
12,2,52,2,0.8704398324,0.2164134821,1.977344072,41.51857976
12,2,52,3,0.881022753,0.2261013475,2.01809302,39.03231969
12,2,52,4,0.7984870437,0.2344151409,2.037872994,37.84803249
12,2,52,5,0.7223554617,0.2415709904,2.042369987,37.61169453
12,2,52,6,0.6505330557,0.2477558244,2.035353586,38.08887478
12,2,53,0,,0.2011173184,1.920111732,45
12,2,53,1,0.3704398324,0.2065577424,1.920655774,45
12,2,53,2,0.8704398324,0.2164134821,1.977344072,41.51857976
12,2,53,3,0.8810227262,0.2261013472,2.018093017,39.03231985
12,2,53,4,0.7984858564,0.2344151256,2.037872857,37.84804096
12,2,53,5,0.7223554909,0.2415709758,2.042369893,37.61170026
12,2,53,6,0.6505329199,0.2477558088,2.035353499,38.0888801
12,2,54,0,,0.2011173184,1.920111732,45
12,2,54,1,0.3704398324,0.2065577424,1.920655774,45
12,2,54,2,0.8704398324,0.2164134821,1.977344072,41.51857976
12,2,54,3,0.8810230143,0.2261013511,2.018093045,39.03231812
12,2,54,4,0.7984861911,0.2344151335,2.037872915,37.84803739
12,2,54,5,0.7223557018,0.241570986,2.042369962,37.61169603
12,2,54,6,0.6505328351,0.2477558179,2.035353535,38.08887791
12,2,55,0,,0.2011173184,1.920111732,45
12,2,55,1,0.3704398324,0.2065577424,1.920655774,45
12,2,55,2,0.8704398324,0.2164134821,1.977344072,41.51857976
12,2,55,3,0.8810228444,0.2261013488,2.018093029,39.03231914
12,2,55,4,0.7984869627,0.234415141,2.037872991,37.84803267
12,2,55,5,0.7223555701,0.2415709918,2.042369999,37.61169378
12,2,55,6,0.6505327711,0.2477558229,2.035353552,38.08887692
12,2,56,0,,0.2011173184,1.920111732,45
12,2,56,1,0.3704398324,0.2065577424,1.920655774,45
12,2,56,2,0.8704398324,0.2164134821,1.977344072,41.51857976
12,2,56,3,0.8810229997,0.2261013509,2.018093044,39.03231821
12,2,56,4,0.7984861631,0.234415133,2.037872911,37.84803765
12,2,56,5,0.7223556673,0.2415709851,2.042369955,37.61169649
12,2,56,6,0.6505329981,0.2477558186,2.035353555,38.08887671
12,2,57,0,,0.2011173184,1.920111732,45
12,2,57,1,0.3704398324,0.2065577424,1.920655774,45
12,2,57,2,0.8704398324,0.2164134821,1.977344072,41.51857976
12,2,57,3,0.8810224965,0.2261013441,2.018092995,39.03232124
12,2,57,4,0.7984860165,0.2344151246,2.03787286,37.8480408
12,2,57,5,0.7223556099,0.2415709762,2.042369911,37.61169918
12,2,57,6,0.650532957,0.2477558096,2.035353517,38.08887898
12,2,58,0,,0.2011173184,1.920111732,45
12,2,58,1,0.3704398324,0.2065577424,1.920655774,45
12,2,58,2,0.8704398324,0.2164134821,1.977344072,41.51857976
12,2,58,3,0.8810229241,0.2261013498,2.018093036,39.03231866
12,2,58,4,0.7984859695,0.2344151296,2.037872884,37.84803933
12,2,58,5,0.7223557671,0.2415709829,2.042369948,37.61169686
12,2,58,6,0.6505330249,0.2477558168,2.035353554,38.08887672
12,2,59,0,,0.2011173184,1.920111732,45
12,2,59,1,0.3704398324,0.2065577424,1.920655774,45
12,2,59,2,0.8704398324,0.2164134821,1.977344072,41.51857976
12,2,59,3,0.8810228661,0.2261013491,2.018093031,39.03231901
12,2,59,4,0.7984860135,0.2344151294,2.037872885,37.84803926
12,2,59,5,0.7223555072,0.2415709797,2.042369915,37.61169893
12,2,59,6,0.6505330517,0.2477558139,2.035353535,38.08887793
12,2,60,0,,0.2011173184,1.920111732,45
12,2,60,1,0.3704398324,0.2065577424,1.920655774,45
12,2,60,2,0.8704398324,0.2164134821,1.977344072,41.51857976
12,2,60,3,0.8810225855,0.2261013453,2.018093003,39.0323207
12,2,60,4,0.7984859929,0.2344151254,2.037872863,37.84804059
12,2,60,5,0.7223553937,0.2415709746,2.042369885,37.61170079
12,2,60,6,0.6505330595,0.247755809,2.035353514,38.08887917
12,2,61,0,,0.2011173184,1.920111732,45
12,2,61,1,0.3704398324,0.2065577424,1.920655774,45
12,2,61,2,0.8704398324,0.2164134821,1.977344072,41.51857976
12,2,61,3,0.8810227183,0.2261013471,2.018093016,39.0323199
12,2,61,4,0.7984859526,0.2344151267,2.037872868,37.84804032
12,2,61,5,0.7223557394,0.2415709797,2.042369933,37.61169778
12,2,61,6,0.6505330035,0.2477558135,2.03535354,38.08887756
12,3,42,0,,0.2011173184,1.920111732,45
12,3,42,1,0.5,0.2071156611,1.920711566,45
12,3,42,2,0.9495518736,0.2180442097,1.984801319,41.06269386
12,3,42,3,0.8695902269,0.2275276311,2.022172157,38.78628791
12,3,42,4,0.7853260899,0.2356346552,2.039203995,37.77246692
12,3,42,5,0.7098353933,0.2426142736,2.041627281,37.66463415
12,3,42,6,0.6382764159,0.2486496363,2.032950685,38.24464244
12,3,43,0,,0.2011173184,1.920111732,45
12,3,43,1,0.5,0.2071156611,1.920711566,45
12,3,43,2,0.9495520107,0.2180442117,1.984801331,41.06269313
12,3,43,3,0.869590412,0.2275276354,2.022172183,38.78628626
12,3,43,4,0.7853263542,0.2356346627,2.039204045,37.77246386
12,3,43,5,0.70985119,0.2426144585,2.041629443,37.66450019
12,3,43,6,0.6382743363,0.2486497959,2.032951899,38.24456751
12,3,44,0,,0.2011173184,1.920111732,45
12,3,44,1,0.5,0.2071156611,1.920711566,45
12,3,44,2,0.949551841,0.2180442093,1.984801316,41.06269404
12,3,44,3,0.8695903727,0.2275276326,2.022172169,38.78628713
12,3,44,4,0.785326212,0.2356346582,2.039204018,37.77246549
12,3,44,5,0.7098456316,0.2426143917,2.041628676,37.66454772
12,3,44,6,0.6382752234,0.2486497395,2.032951491,38.24459266
12,3,45,0,,0.2011173184,1.920111732,45
12,3,45,1,0.5,0.2071156611,1.920711566,45
12,3,45,2,0.9495522053,0.2180442144,1.984801348,41.06269209
12,3,45,3,0.8695897483,0.2275276292,2.022172129,38.78628962
12,3,45,4,0.7853264788,0.2356346582,2.039204021,37.77246532
12,3,45,5,0.709835056,0.2426142727,2.041627254,37.66463584
12,3,45,6,0.6382762152,0.2486496334,2.032950634,38.24464557
12,3,46,0,,0.2011173184,1.920111732,45
12,3,46,1,0.5,0.2071156611,1.920711566,45
12,3,46,2,0.9495517226,0.2180442076,1.984801306,41.06269467
12,3,46,3,0.8695903701,0.227527631,2.022172162,38.78628759
12,3,46,4,0.7853262607,0.2356346572,2.039204018,37.77246546
12,3,46,5,0.709836277,0.2426142855,2.041627417,37.66462575
12,3,46,6,0.6382760789,0.2486496445,2.032950729,38.24463972
12,3,47,0,,0.2011173184,1.920111732,45
12,3,47,1,0.5,0.2071156611,1.920711566,45
12,3,47,2,0.9495516869,0.2180442071,1.984801303,41.06269486
12,3,47,3,0.8695901153,0.2275276271,2.022172134,38.78628929
12,3,47,4,0.7853263289,0.2356346543,2.039204007,37.77246616
12,3,47,5,0.7098373242,0.2426142944,2.041627549,37.6646175
12,3,47,6,0.6382763307,0.2486496557,2.032950862,38.24463146
12,3,48,0,,0.2011173184,1.920111732,45
12,3,48,1,0.5,0.2071156611,1.920711566,45
12,3,48,2,0.9495520543,0.2180442123,1.984801335,41.0626929
12,3,48,3,0.8695900108,0.2275276307,2.022172146,38.78628857
12,3,48,4,0.7853261923,0.2356346561,2.039203999,37.77246665
12,3,48,5,0.7098441624,0.2426143731,2.041628465,37.66456079
12,3,48,6,0.6382736525,0.248649706,2.032951099,38.24461698
12,3,49,0,,0.2011173184,1.920111732,45
12,3,49,1,0.5,0.2071156611,1.920711566,45
12,3,49,2,0.9495520809,0.2180442126,1.984801337,41.06269276
12,3,49,3,0.8695901494,0.2275276329,2.022172161,38.78628762
12,3,49,4,0.7853264722,0.2356346617,2.039204043,37.77246396
12,3,49,5,0.7098373172,0.2426143015,2.041627574,37.66461601
12,3,49,6,0.6382762797,0.2486496621,2.032950872,38.24463091
12,3,50,0,,0.2011173184,1.920111732,45
12,3,50,1,0.5,0.2071156611,1.920711566,45
12,3,50,2,0.9495534845,0.2180442322,1.984801459,41.06268527
12,3,50,3,0.8695901596,0.227527652,2.022172248,38.78628234
12,3,50,4,0.7853259164,0.2356346734,2.039204039,37.7724643
12,3,50,5,0.7098366956,0.2426143059,2.041627487,37.66462147
12,3,50,6,0.6382759982,0.2486496636,2.032950766,38.24463749
12,3,51,0,,0.2011173184,1.920111732,45
12,3,51,1,0.5,0.2071156611,1.920711566,45
12,3,51,2,0.9495531661,0.2180442278,1.984801431,41.06268697
12,3,51,3,0.869589574,0.2275276399,2.02217217,38.78628713
12,3,51,4,0.7853260278,0.235634663,2.039203997,37.77246684
12,3,51,5,0.7098371455,0.2426143008,2.041627518,37.6646195
12,3,51,6,0.6382652038,0.2486495529,2.032949122,38.24473958
12,3,52,0,,0.2011173184,1.920111732,45
12,3,52,1,0.5,0.2071156611,1.920711566,45
12,3,52,2,0.949551728,0.2180442077,1.984801307,41.06269464
12,3,52,3,0.8695903021,0.2275276301,2.022172155,38.78628799
12,3,52,4,0.7853263125,0.2356346571,2.03920402,37.77246537
12,3,52,5,0.7098482912,0.2426144204,2.041629035,37.66452544
12,3,52,6,0.6382748304,0.2486497637,2.032951686,38.24458064
12,3,53,0,,0.2011173184,1.920111732,45
12,3,53,1,0.5,0.2071156611,1.920711566,45
12,3,53,2,0.9495518676,0.2180442097,1.984801319,41.06269389
12,3,53,3,0.8695902289,0.2275276311,2.022172156,38.78628792
12,3,53,4,0.7853265023,0.2356346603,2.039204043,37.77246395
12,3,53,5,0.7098369043,0.2426142955,2.041627518,37.66461945
12,3,53,6,0.6382762097,0.2486496556,2.032950821,38.24463401
12,3,54,0,,0.2011173184,1.920111732,45
12,3,54,1,0.5,0.2071156611,1.920711566,45
12,3,54,2,0.9495520713,0.2180442125,1.984801336,41.06269281
12,3,54,3,0.8695900854,0.2275276319,2.022172154,38.78628805
12,3,54,4,0.78532636,0.2356346594,2.039204025,37.77246507
12,3,54,5,0.7098427332,0.2426143602,2.04162829,37.66457161
12,3,54,6,0.6382609321,0.2486495689,2.032949011,38.2447466
12,3,55,0,,0.2011173184,1.920111732,45
12,3,55,1,0.5,0.2071156611,1.920711566,45
12,3,55,2,0.9495518602,0.2180442096,1.984801318,41.06269393
12,3,55,3,0.8695901625,0.2275276301,2.022172149,38.78628836
12,3,55,4,0.7853260926,0.2356346543,2.03920399,37.77246721
12,3,55,5,0.7098454149,0.2426143854,2.041628627,37.66455074
12,3,55,6,0.6382752977,0.2486497341,2.032951468,38.24459408
12,3,56,0,,0.2011173184,1.920111732,45
12,3,56,1,0.5,0.2071156611,1.920711566,45
12,3,56,2,0.9495516713,0.2180442069,1.984801302,41.06269494
12,3,56,3,0.8695902365,0.2275276285,2.022172145,38.7862886
12,3,56,4,0.7853265685,0.2356346587,2.039204043,37.77246395
12,3,56,5,0.7098479892,0.2426144186,2.041629011,37.66452695
12,3,56,6,0.6382749665,0.2486497632,2.03295169,38.24458041
12,3,57,0,,0.2011173184,1.920111732,45
12,3,57,1,0.5,0.2071156611,1.920711566,45
12,3,57,2,0.9495520335,0.218044212,1.984801333,41.06269301
12,3,57,3,0.8695896209,0.2275276252,2.022172106,38.78629105
12,3,57,4,0.7853264348,0.2356346538,2.039203999,37.77246663
12,3,57,5,0.7098372373,0.2426142929,2.041627532,37.66461856
12,3,57,6,0.6382763343,0.2486496542,2.032950851,38.24463218
12,3,58,0,,0.2011173184,1.920111732,45
12,3,58,1,0.5,0.2071156611,1.920711566,45
12,3,58,2,0.9495519688,0.2180442111,1.984801327,41.06269335
12,3,58,3,0.8695902573,0.2275276328,2.022172165,38.78628737
12,3,58,4,0.7853262,0.2356346583,2.039204014,37.77246575
12,3,58,5,0.7098373587,0.2426142986,2.041627559,37.66461693
12,3,58,6,0.6382757997,0.2486496546,2.032950787,38.24463616
12,3,59,0,,0.2011173184,1.920111732,45
12,3,59,1,0.5,0.2071156611,1.920711566,45
12,3,59,2,0.9495519657,0.218044211,1.984801327,41.06269337
12,3,59,3,0.8695900979,0.2275276306,2.022172149,38.78628836
12,3,59,4,0.7853264869,0.2356346597,2.039204036,37.77246437
12,3,59,5,0.7098372588,0.2426142989,2.041627561,37.66461679
12,3,59,6,0.6382761912,0.2486496587,2.032950849,38.2446323
12,3,60,0,,0.2011173184,1.920111732,45
12,3,60,1,0.5,0.2071156611,1.920711566,45
12,3,60,2,0.9495533072,0.2180442298,1.984801444,41.06268622
12,3,60,3,0.8695898907,0.227527646,2.02217221,38.78628465
12,3,60,4,0.7853262387,0.2356346716,2.03920405,37.77246359
12,3,60,5,0.7098365336,0.2426143023,2.041627473,37.66462232
12,3,60,6,0.6382761487,0.2486496616,2.03295078,38.24463664
12,3,61,0,,0.2011173184,1.920111732,45
12,3,61,1,0.5,0.2071156611,1.920711566,45
12,3,61,2,0.9495534928,0.2180442323,1.98480146,41.06268523
12,3,61,3,0.869589757,0.2275276467,2.022172208,38.78628479
12,3,61,4,0.7853262261,0.2356346721,2.039204047,37.77246378
12,3,61,5,0.7098370784,0.242614309,2.041627544,37.6646179
12,3,61,6,0.6382759384,0.248649666,2.032950798,38.24463554
